desc,play_type,game_half,drive,qtr,down,rushing_yards,first_down_pass,first_down_penalty,receiving_yards,third_down_failed,fourth_down_converted,penalty,fumbled_1_player_name,fumbled_2_player_name,td_player_name
(11:58) (Shotgun) 10-B.Nix pass short left to 85-L.Krull to DEN 41 for 6 yards (37-A.Hooker).,pass,Half1,2,1,1.0,,0.0,0.0,6.0,0.0,0.0,0,,,
(11:21) (Shotgun) 10-B.Nix pass short left to 11-T.Franklin pushed ob at TEN 41 for 18 yards (38-L.Sneed).,pass,Half1,2,1,2.0,,1.0,0.0,18.0,0.0,0.0,0,,,
(10:45) 27-J.Dobbins right end to TEN 38 for 3 yards (37-A.Hooker).,run,Half1,2,1,1.0,3.0,0.0,0.0,,0.0,0.0,0,,,
(10:00) 10-B.Nix pass short left to 14-C.Sutton to TEN 26 for 12 yards (38-L.Sneed).,pass,Half1,2,1,2.0,,1.0,0.0,12.0,0.0,0.0,0,,,
"(9:34) (No Huddle, Shotgun) 10-B.Nix pass short left to 82-A.Trautman to TEN 21 for 5 yards (38-L.Sneed).",pass,Half1,2,1,1.0,,0.0,0.0,5.0,0.0,0.0,0,,,
(8:56) (Shotgun) 10-B.Nix pass incomplete short left to 14-C.Sutton (38-L.Sneed).,pass,Half1,2,1,2.0,,0.0,0.0,,0.0,0.0,0,,,
(8:53) (Shotgun) 10-B.Nix pass incomplete deep left to 28-T.Badie.,pass,Half1,2,1,1.0,,0.0,0.0,,0.0,0.0,0,,,
(8:47) (Shotgun) 10-B.Nix pass incomplete short right to 28-T.Badie.,pass,Half1,2,1,2.0,,0.0,0.0,,0.0,0.0,0,,,
(8:43) (Shotgun) 10-B.Nix pass incomplete short left to 28-T.Badie [98-J.Simmons].,pass,Half1,2,1,3.0,,0.0,0.0,,1.0,0.0,0,,,
(5:16) (Shotgun) 12-R.Harvey up the middle to DEN 16 for 8 yards (37-A.Hooker; 33-C.Gray).,run,Half1,4,1,1.0,8.0,0.0,0.0,,0.0,0.0,0,,,
(4:32) (Shotgun) 10-B.Nix pass incomplete short right.,pass,Half1,4,1,2.0,,0.0,0.0,,0.0,0.0,0,,,
(4:28) (Shotgun) 10-B.Nix pass short middle to 11-T.Franklin to DEN 22 for 6 yards (21-R.McCreary) [98-J.Simmons].,pass,Half1,4,1,3.0,,1.0,0.0,6.0,0.0,0.0,0,,,
(3:53) 10-B.Nix pass short left to 12-R.Harvey to DEN 21 for -1 yards (29-J.Brownlee).,pass,Half1,4,1,1.0,,0.0,0.0,-1.0,0.0,0.0,0,,,
(3:11) (Shotgun) 10-B.Nix pass short middle to 1-E.Engram to DEN 26 for 5 yards (28-Q.Diggs).,pass,Half1,4,1,2.0,,0.0,0.0,5.0,0.0,0.0,0,,,
(2:38) (Shotgun) 10-B.Nix pass short middle to 19-M.Mims to DEN 32 for 6 yards (33-C.Gray).,pass,Half1,4,1,3.0,,1.0,0.0,6.0,0.0,0.0,0,,,
(1:47) (Shotgun) 12-R.Harvey right end to DEN 34 for 2 yards (97-J.Lynch).,run,Half1,4,1,1.0,2.0,0.0,0.0,,0.0,0.0,0,,,
(:49) (Shotgun) 10-B.Nix pass deep left intended for 14-C.Sutton INTERCEPTED by 21-R.McCreary at TEN 46. 21-R.McCreary to TEN 46 for no gain (14-C.Sutton).,pass,Half1,4,1,2.0,,0.0,0.0,,0.0,0.0,0,,,
(13:15) (Shotgun) 10-B.Nix pass short right to 11-T.Franklin to DEN 37 for 5 yards (39-D.Baker).,pass,Half1,6,2,1.0,,0.0,0.0,5.0,0.0,0.0,0,,,
(12:34) 63-A.Palczewski reported in as eligible. 27-J.Dobbins left tackle to DEN 39 for 2 yards (69-S.Joseph; 53-J.Ward).,run,Half1,6,2,2.0,2.0,0.0,0.0,,0.0,0.0,0,,,
(11:52) (Shotgun) 10-B.Nix pass incomplete short left to 28-T.Badie.,pass,Half1,6,2,3.0,,0.0,0.0,,1.0,0.0,0,,,
(9:29) (Shotgun) 10-B.Nix pass short right to 1-E.Engram to DEN 42 for 6 yards (33-C.Gray).,pass,Half1,8,2,1.0,,0.0,0.0,6.0,0.0,0.0,0,,,
(8:53) (Shotgun) 12-R.Harvey left guard to DEN 45 for 3 yards (37-A.Hooker; 29-J.Brownlee).,run,Half1,8,2,2.0,3.0,0.0,0.0,,0.0,0.0,0,,,
(8:28) (No Huddle) 10-B.Nix up the middle to DEN 47 for 2 yards (98-J.Simmons).,run,Half1,8,2,3.0,2.0,0.0,0.0,,0.0,0.0,0,,,
"(7:49) 27-J.Dobbins left tackle to DEN 48 for 1 yard (29-J.Brownlee, 69-S.Joseph).",run,Half1,8,2,1.0,1.0,0.0,0.0,,0.0,0.0,0,,,
"(7:10) (Shotgun) 10-B.Nix sacked at DEN 40 for -8 yards (98-J.Simmons). FUMBLES (98-J.Simmons) [98-J.Simmons], RECOVERED by TEN-69-S.Joseph at DEN 38. 69-S.Joseph to DEN 38 for no gain (69-M.McGlinchey).",pass,Half1,8,2,2.0,,0.0,0.0,,0.0,0.0,0,B.Nix,,
(2:11) 27-J.Dobbins right tackle to DEN 32 for 5 yards (50-C.Barton; 7-F.Oladejo).,run,Half1,10,2,1.0,5.0,0.0,0.0,,0.0,0.0,0,,,
(2:00) (Shotgun) 10-B.Nix pass short middle to 28-T.Badie to DEN 35 for 3 yards (21-R.McCreary).,pass,Half1,10,2,2.0,,0.0,0.0,3.0,0.0,0.0,0,,,
(1:30) (Shotgun) 10-B.Nix pass incomplete short left to 1-E.Engram (37-A.Hooker).,pass,Half1,10,2,1.0,,0.0,0.0,,0.0,0.0,0,,,
(1:26) (Shotgun) 10-B.Nix pass short middle to 28-T.Badie to DEN 48 for 13 yards (21-R.McCreary; 28-Q.Diggs).,pass,Half1,10,2,2.0,,0.0,0.0,13.0,0.0,0.0,0,,,
"(:59) (No Huddle, Shotgun) 10-B.Nix pass incomplete short right to 85-L.Krull.",pass,Half1,10,2,3.0,,0.0,0.0,,1.0,0.0,0,,,
"(:22) (Shotgun) 10-B.Nix pass deep left to 14-C.Sutton for 22 yards, TOUCHDOWN.",pass,Half1,12,2,1.0,,1.0,0.0,22.0,0.0,0.0,0,,,C.Sutton
(14:54) 27-J.Dobbins right guard to DEN 29 for 6 yards (25-X.Woods; 29-J.Brownlee).,run,Half2,15,3,1.0,6.0,0.0,0.0,,0.0,0.0,0,,,
(14:16) (Shotgun) 10-B.Nix pass short right intended for 11-T.Franklin INTERCEPTED by 25-X.Woods [98-J.Simmons] at DEN 42. 25-X.Woods ran ob at DEN 26 for 16 yards (77-Q.Meinerz; 60-L.Wattenberg).,pass,Half2,15,3,2.0,,0.0,0.0,,0.0,0.0,0,,,
(11:50) (Shotgun) 12-R.Harvey up the middle to DEN 39 for 2 yards (69-S.Joseph).,run,Half2,17,3,1.0,2.0,0.0,0.0,,0.0,0.0,0,,,
(11:14) (Shotgun) 10-B.Nix pass incomplete short right.,pass,Half2,17,3,2.0,,0.0,0.0,,0.0,0.0,0,,,
"(11:12) (Shotgun) 10-B.Nix pass short right to 19-M.Mims to DEN 46 for 7 yards (29-J.Brownlee). PENALTY on TEN-29-J.Brownlee, Face Mask, 15 yards, enforced at DEN 46.",pass,Half2,17,3,3.0,,0.0,1.0,7.0,1.0,0.0,1,,,
(10:35) (Shotgun) 10-B.Nix pass short left to 27-J.Dobbins to TEN 47 for 2 yards (21-R.McCreary).,pass,Half2,17,3,1.0,,0.0,0.0,2.0,0.0,0.0,0,,,
(9:48) (Shotgun) 10-B.Nix scrambles up the middle to TEN 36 for 11 yards (50-C.Barton).,run,Half2,17,3,2.0,11.0,0.0,0.0,,0.0,0.0,0,,,
(9:02) (Shotgun) 10-B.Nix pass short left to 14-C.Sutton pushed ob at TEN 28 for 8 yards (29-J.Brownlee).,pass,Half2,17,3,3.0,,1.0,0.0,8.0,0.0,0.0,0,,,
(8:23) 27-J.Dobbins up the middle to TEN 20 for 8 yards (33-C.Gray; 69-S.Joseph).,run,Half2,17,3,1.0,8.0,0.0,0.0,,0.0,0.0,0,,,
"(7:39) (Shotgun) 27-J.Dobbins left guard to TEN 19 for 1 yard (53-J.Ward, 50-C.Barton).",run,Half2,17,3,2.0,1.0,0.0,0.0,,0.0,0.0,0,,,
(7:02) 63-A.Palczewski reported in as eligible. 10-B.Nix up the middle to TEN 18 for 1 yard (93-T.Sweat).,run,Half2,17,3,3.0,1.0,0.0,0.0,,0.0,0.0,0,,,
(6:23) 10-B.Nix pass short right to 5-T.Sherfield to TEN 15 for 3 yards (39-D.Baker).,pass,Half2,17,3,1.0,,0.0,0.0,3.0,0.0,0.0,0,,,
(5:46) (Shotgun) 10-B.Nix pass short middle to 14-C.Sutton to TEN 10 for 5 yards (50-C.Barton).,pass,Half2,17,3,2.0,,0.0,0.0,5.0,0.0,0.0,0,,,
(5:05) (Shotgun) 27-J.Dobbins right guard to TEN 10 for no gain (33-C.Gray; 45-D.Jones).,run,Half2,17,3,3.0,0.0,0.0,0.0,,1.0,0.0,0,,,
(2:27) 10-B.Nix pass incomplete short middle [7-F.Oladejo].,pass,Half2,19,3,1.0,,0.0,0.0,,0.0,0.0,0,,,
(2:23) (Shotgun) 10-B.Nix left end to DEN 33 for 2 yards (50-C.Barton).,run,Half2,19,3,2.0,2.0,0.0,0.0,,0.0,0.0,0,,,
(1:42) (Shotgun) 10-B.Nix pass short right to 1-E.Engram to DEN 43 for 10 yards (7-F.Oladejo; 39-D.Baker).,pass,Half2,19,3,3.0,,1.0,0.0,10.0,0.0,0.0,0,,,
"(1:02) 27-J.Dobbins left tackle to DEN 43 for no gain (69-S.Joseph, 50-C.Barton).",run,Half2,19,3,1.0,0.0,0.0,0.0,,0.0,0.0,0,,,
(:21) (Shotgun) 10-B.Nix pass incomplete deep left to 14-C.Sutton (29-J.Brownlee).,pass,Half2,19,3,2.0,,0.0,0.0,,0.0,0.0,0,,,
(:17) (Shotgun) 10-B.Nix pass short right to 46-A.Prentice to DEN 47 for 4 yards (39-D.Baker).,pass,Half2,19,3,3.0,,0.0,0.0,4.0,1.0,0.0,0,,,
(9:22) (Shotgun) 12-R.Harvey right guard pushed ob at TEN 30 for 50 yards (33-C.Gray). TEN-39-D.Baker was injured during the play.,run,Half2,22,4,1.0,50.0,0.0,0.0,,0.0,0.0,0,,,
(9:00) 12-R.Harvey right guard to TEN 25 for 5 yards (37-A.Hooker).,run,Half2,22,4,1.0,5.0,0.0,0.0,,0.0,0.0,0,,,
(8:24) (Shotgun) 10-B.Nix pass short left to 14-C.Sutton to TEN 19 for 6 yards (28-Q.Diggs). ** Injury Update: TEN-39-D.Baker has returned to the game.,pass,Half2,22,4,2.0,,1.0,0.0,6.0,0.0,0.0,0,,,
"(7:43) 63-A.Palczewski reported in as eligible. 27-J.Dobbins left guard for 19 yards, TOUCHDOWN.",run,Half2,22,4,1.0,19.0,0.0,0.0,,0.0,0.0,0,,,J.Dobbins
(6:35) (Shotgun) 10-B.Nix pass incomplete short middle to 11-T.Franklin.,pass,Half2,24,4,1.0,,0.0,0.0,,0.0,0.0,0,,,
(6:30) (Shotgun) 27-J.Dobbins left tackle to DEN 38 for 1 yard (98-J.Simmons).,run,Half2,24,4,2.0,1.0,0.0,0.0,,0.0,0.0,0,,,
"(5:48) (Shotgun) 10-B.Nix pass short left to 14-C.Sutton to DEN 47 for 9 yards (21-R.McCreary). Tennessee challenged the first down ruling, and the play was REVERSED. (Shotgun) 10-B.Nix pass short left to 14-C.Sutton to DEN 46 for 8 yards (21-R.McCreary).",pass,Half2,24,4,3.0,,0.0,0.0,8.0,1.0,0.0,0,,,
(5:11) 63-A.Palczewski reported in as eligible. 10-B.Nix up the middle to DEN 46 for no gain (93-T.Sweat). (Virtual Measurement).,run,Half2,24,4,4.0,0.0,0.0,0.0,,0.0,0.0,0,,,
(4:09) 63-A.Palczewski reported in as eligible. 27-J.Dobbins left guard to DEN 18 for 12 yards (29-J.Brownlee; 25-X.Woods). TEN-93-T.Sweat was injured during the play.,run,Half2,26,4,1.0,12.0,0.0,0.0,,0.0,0.0,0,,,
"(3:26) (Shotgun) 10-B.Nix pass short left to 11-T.Franklin to DEN 33 for 15 yards (33-C.Gray). PENALTY on TEN-37-A.Hooker, Face Mask, 15 yards, enforced at DEN 33.",pass,Half2,26,4,1.0,,1.0,1.0,15.0,0.0,0.0,1,,,
(3:19) 63-A.Palczewski reported in as eligible. 27-J.Dobbins right tackle to TEN 49 for 3 yards (98-J.Simmons; 45-D.Jones).,run,Half2,26,4,1.0,3.0,0.0,0.0,,0.0,0.0,0,,,
"(3:13) 10-B.Nix pass short right to 27-J.Dobbins to TEN 41 for 8 yards (50-C.Barton). PENALTY on DEN-5-T.Sherfield, Offensive Holding, 10 yards, enforced at TEN 46.",pass,Half2,26,4,2.0,,0.0,0.0,3.0,0.0,0.0,1,,,
(3:07) 63-A.Palczewski reported in as eligible. 10-B.Nix scrambles left end to DEN 48 for 4 yards (49-A.Key).,run,Half2,26,4,2.0,4.0,0.0,0.0,,0.0,0.0,0,,,
"(2:58) (Shotgun) 10-B.Nix pass short right to 19-M.Mims to DEN 47 for -1 yards (50-C.Barton). PENALTY on TEN-98-J.Simmons, Unnecessary Roughness, 15 yards, enforced at DEN 47.",pass,Half2,26,4,3.0,,0.0,1.0,-1.0,1.0,0.0,1,,,
(2:51) 63-A.Palczewski reported in as eligible. 27-J.Dobbins right guard to TEN 34 for 4 yards (97-J.Lynch; 50-C.Barton).,run,Half2,26,4,1.0,4.0,0.0,0.0,,0.0,0.0,0,,,
(2:07) 27-J.Dobbins right tackle to TEN 33 for 1 yard (29-J.Brownlee).,run,Half2,26,4,2.0,1.0,0.0,0.0,,0.0,0.0,0,,,
(2:00) 27-J.Dobbins right tackle to TEN 36 for -3 yards (29-J.Brownlee). TEN-29-J.Brownlee was injured during the play.,run,Half2,26,4,3.0,-3.0,0.0,0.0,,1.0,0.0,0,,,
(1:05) 63-A.Palczewski reported in as eligible. 10-B.Nix pass incomplete deep right to 19-M.Mims.,pass,Half2,26,4,4.0,,0.0,0.0,,0.0,0.0,0,,,
"(11:47) 27-J.Dobbins right guard to IND 46 for 18 yards (0-C.Bynum, 48-J.Bachie).",run,Half1,2,1,1.0,18.0,0.0,0.0,,0.0,0.0,0,,,
(11:09) (Shotgun) 27-J.Dobbins up the middle to IND 43 for 3 yards (90-G.Stewart).,run,Half1,2,1,1.0,3.0,0.0,0.0,,0.0,0.0,0,,,
(10:30) 27-J.Dobbins left tackle to IND 36 for 7 yards (20-N.Cross).,run,Half1,2,1,2.0,7.0,0.0,0.0,,0.0,0.0,0,,,
(9:53) 10-B.Nix pass short middle to 82-A.Trautman to IND 35 for 1 yard (48-J.Bachie).,pass,Half1,2,1,1.0,,0.0,0.0,1.0,0.0,0.0,0,,,
"(9:13) (No Huddle, Shotgun) 10-B.Nix pass short left to 13-P.Bryant to IND 23 for 12 yards (44-Z.Franklin).",pass,Half1,2,1,2.0,,1.0,0.0,12.0,0.0,0.0,0,,,
"(8:30) (Shotgun) 10-B.Nix pass deep left to 19-M.Mims for 23 yards, TOUCHDOWN.",pass,Half1,2,1,1.0,,1.0,0.0,23.0,0.0,0.0,0,,,M.Mims
(4:19) 27-J.Dobbins right end to DEN 39 for 4 yards (99-D.Buckner).,run,Half1,4,1,1.0,4.0,0.0,0.0,,0.0,0.0,0,,,
(3:38) 12-R.Harvey right end to DEN 42 for 3 yards (90-G.Stewart).,run,Half1,4,1,2.0,3.0,0.0,0.0,,0.0,0.0,0,,,
(2:56) (Shotgun) 10-B.Nix pass incomplete deep right to 14-C.Sutton.,pass,Half1,4,1,3.0,,0.0,0.0,,1.0,0.0,0,,,
(14:05) (Shotgun) 10-B.Nix pass short left to 11-T.Franklin to DEN 30 for -3 yards (23-K.Moore).,pass,Half1,6,2,1.0,,0.0,0.0,-3.0,0.0,0.0,0,,,
"(13:39) (No Huddle, Shotgun) 10-B.Nix pass deep left to 11-T.Franklin ran ob at IND 28 for 42 yards.",pass,Half1,6,2,2.0,,1.0,0.0,42.0,0.0,0.0,0,,,
"(13:09) (No Huddle, Shotgun) 12-R.Harvey left guard to IND 25 for 3 yards (90-G.Stewart).",run,Half1,6,2,1.0,3.0,0.0,0.0,,0.0,0.0,0,,,
(12:29) 10-B.Nix pass short right to 82-A.Trautman to IND 18 for 7 yards (29-M.Blackmon).,pass,Half1,6,2,2.0,,1.0,0.0,7.0,0.0,0.0,0,,,
(11:50) (Shotgun) 10-B.Nix pass short left to 11-T.Franklin to IND 2 for 16 yards (0-C.Bynum).,pass,Half1,6,2,1.0,,1.0,0.0,16.0,0.0,0.0,0,,,
(11:23) (No Huddle) 27-J.Dobbins up the middle to IND 3 for -1 yards (90-G.Stewart).,run,Half1,6,2,1.0,-1.0,0.0,0.0,,0.0,0.0,0,,,
"(10:46) 10-B.Nix pass short right to 11-T.Franklin for 3 yards, TOUCHDOWN.",pass,Half1,6,2,2.0,,1.0,0.0,3.0,0.0,0.0,0,,,T.Franklin
(7:28) 11-T.Franklin right end to IND 39 for 11 yards (29-M.Blackmon).,run,Half1,8,2,1.0,11.0,0.0,0.0,,0.0,0.0,0,,,
"(7:04) (No Huddle, Shotgun) 10-B.Nix pass short middle to 5-T.Sherfield to IND 36 for 3 yards (48-J.Bachie).",pass,Half1,8,2,1.0,,0.0,0.0,3.0,0.0,0.0,0,,,
"(6:33) (No Huddle, Shotgun) 12-R.Harvey up the middle to IND 35 for 1 yard (95-A.Adebawore; 23-K.Moore).",run,Half1,8,2,2.0,1.0,0.0,0.0,,0.0,0.0,0,,,
"(5:49) (Shotgun) 10-B.Nix pass short left to 13-P.Bryant to IND 29 for 6 yards (20-N.Cross; 4-X.Howard). Indianapolis challenged the first down ruling, and the play was Upheld. The ruling on the field stands. (Timeout #1.)",pass,Half1,8,2,3.0,,1.0,0.0,6.0,0.0,0.0,0,,,
(5:19) (Shotgun) 10-B.Nix pass short left to 11-T.Franklin to IND 26 for 3 yards (20-N.Cross; 4-X.Howard).,pass,Half1,8,2,1.0,,0.0,0.0,3.0,0.0,0.0,0,,,
(4:45) (Shotgun) 10-B.Nix pass incomplete short right to 27-J.Dobbins (44-Z.Franklin).,pass,Half1,8,2,2.0,,0.0,0.0,,0.0,0.0,0,,,
(4:36) 27-J.Dobbins up the middle to IND 6 for 4 yards (20-N.Cross).,run,Half1,8,2,1.0,4.0,0.0,0.0,,0.0,0.0,0,,,
(3:52) (Shotgun) 10-B.Nix pass incomplete short right to 14-C.Sutton.,pass,Half1,8,2,1.0,,0.0,0.0,,0.0,0.0,0,,,
(3:45) 63-A.Palczewski reported in as eligible. 27-J.Dobbins up the middle to IND 2 for -1 yards (99-D.Buckner).,run,Half1,8,2,1.0,-1.0,0.0,0.0,,0.0,0.0,0,,,
"(3:06) (Shotgun) 63-A.Palczewski reported in as eligible. 10-B.Nix pass short right to 82-A.Trautman for 2 yards, TOUCHDOWN.",pass,Half1,8,2,2.0,,1.0,0.0,2.0,0.0,0.0,0,,,A.Trautman
(1:25) (Shotgun) 10-B.Nix pass short middle to 11-T.Franklin to DEN 36 for 4 yards (20-N.Cross).,pass,Half1,10,2,1.0,,0.0,0.0,4.0,0.0,0.0,0,,,
"(1:00) (No Huddle, Shotgun) 10-B.Nix pass short left to 28-T.Badie to DEN 36 for no gain (44-Z.Franklin).",pass,Half1,10,2,2.0,,0.0,0.0,0.0,0.0,0.0,0,,,
"(:33) (No Huddle, Shotgun) 10-B.Nix pass incomplete deep middle to 11-T.Franklin.",pass,Half1,10,2,3.0,,0.0,0.0,,1.0,0.0,0,,,
(15:00) 27-J.Dobbins right tackle to DEN 45 for 5 yards (99-D.Buckner).,run,Half2,12,3,1.0,5.0,0.0,0.0,,0.0,0.0,0,,,
(14:18) (Shotgun) 10-B.Nix pass short right to 19-M.Mims to DEN 46 for 1 yard (20-N.Cross).,pass,Half2,12,3,2.0,,0.0,0.0,1.0,0.0,0.0,0,,,
(13:39) (Shotgun) 10-B.Nix scrambles up the middle to IND 36 for 18 yards (25-R.Thomas).,run,Half2,12,3,3.0,18.0,0.0,0.0,,0.0,0.0,0,,,
"(13:13) (No Huddle, Shotgun) 10-B.Nix pass short left to 14-C.Sutton to IND 30 for 6 yards (4-X.Howard).",pass,Half2,12,3,1.0,,0.0,0.0,6.0,0.0,0.0,0,,,
(12:35) (Shotgun) 10-B.Nix pass short middle to 12-R.Harvey to IND 14 for 16 yards (0-C.Bynum; 44-Z.Franklin).,pass,Half2,12,3,2.0,,1.0,0.0,16.0,0.0,0.0,0,,,
"(12:01) (No Huddle, Shotgun) 10-B.Nix pass short left to 11-T.Franklin to IND 5 for 9 yards (44-Z.Franklin).",pass,Half2,12,3,1.0,,0.0,0.0,9.0,0.0,0.0,0,,,
"(11:17) 27-J.Dobbins right guard for 5 yards, TOUCHDOWN.",run,Half2,12,3,2.0,5.0,0.0,0.0,,0.0,0.0,0,,,J.Dobbins
(5:36) (Shotgun) 10-B.Nix pass incomplete short right to 12-R.Harvey.,pass,Half2,14,3,1.0,,0.0,0.0,,0.0,0.0,0,,,
(5:32) 12-R.Harvey right end to DEN 35 for no gain (20-N.Cross).,run,Half2,14,3,2.0,0.0,0.0,0.0,,0.0,0.0,0,,,
(4:34) (Shotgun) 10-B.Nix pass short right to 28-T.Badie pushed ob at DEN 49 for 19 yards (29-M.Blackmon).,pass,Half2,14,3,3.0,,1.0,0.0,19.0,0.0,0.0,0,,,
"(4:06) (No Huddle, Shotgun) 28-T.Badie up the middle to IND 48 for 3 yards (52-S.Ebukam).",run,Half2,14,3,1.0,3.0,0.0,0.0,,0.0,0.0,0,,,
(3:27) 10-B.Nix scrambles right end ran ob at IND 45 for 3 yards (29-M.Blackmon).,run,Half2,14,3,2.0,3.0,0.0,0.0,,0.0,0.0,0,,,
(2:54) (Shotgun) 10-B.Nix pass incomplete short right to 1-E.Engram (20-N.Cross).,pass,Half2,14,3,3.0,,0.0,0.0,,1.0,0.0,0,,,
(12:55) 10-B.Nix pass short left to 27-J.Dobbins pushed ob at IND 26 for 9 yards (48-J.Bachie).,pass,Half2,16,4,1.0,,0.0,0.0,9.0,0.0,0.0,0,,,
"(12:14) (Shotgun) 27-J.Dobbins right tackle to IND 28 for -2 yards (95-A.Adebawore, 90-G.Stewart).",run,Half2,16,4,2.0,-2.0,0.0,0.0,,0.0,0.0,0,,,
(11:33) (Shotgun) 10-B.Nix pass deep right intended for 14-C.Sutton INTERCEPTED by 0-C.Bynum at IND 9. 0-C.Bynum to IND 9 for no gain (14-C.Sutton).,pass,Half2,16,4,3.0,,0.0,0.0,,1.0,0.0,0,,,
(8:29) 27-J.Dobbins right tackle to DEN 42 for 7 yards (51-K.Paye; 29-M.Blackmon).,run,Half2,18,4,1.0,7.0,0.0,0.0,,0.0,0.0,0,,,
(7:51) 27-J.Dobbins left guard to DEN 44 for 2 yards (23-K.Moore).,run,Half2,18,4,2.0,2.0,0.0,0.0,,0.0,0.0,0,,,
(7:09) 27-J.Dobbins right guard to DEN 46 for 2 yards (99-D.Buckner).,run,Half2,18,4,3.0,2.0,0.0,0.0,,0.0,0.0,0,,,
(6:26) (Shotgun) 10-B.Nix right end to DEN 45 for -1 yards (99-D.Buckner).,run,Half2,18,4,1.0,-1.0,0.0,0.0,,0.0,0.0,0,,,
(5:39) (Shotgun) 10-B.Nix pass short left to 1-E.Engram to IND 43 for 12 yards (23-K.Moore; 44-Z.Franklin).,pass,Half2,18,4,2.0,,1.0,0.0,12.0,0.0,0.0,0,,,
"(5:02) 27-J.Dobbins right tackle to IND 20 for 23 yards (0-C.Bynum). PENALTY on DEN-27-J.Dobbins, Delay of Game, 5 yards, enforced at IND 20.",run,Half2,18,4,1.0,23.0,0.0,0.0,,0.0,0.0,1,,,
(4:42) (Shotgun) 12-R.Harvey up the middle to IND 39 for 1 yard (90-G.Stewart; 48-J.Bachie).,run,Half2,18,4,1.0,1.0,0.0,0.0,,0.0,0.0,0,,,
(3:59) (Shotgun) 10-B.Nix pass incomplete short left to 13-P.Bryant (94-T.Lewis).,pass,Half2,18,4,2.0,,0.0,0.0,,0.0,0.0,0,,,
(3:55) (Shotgun) 10-B.Nix pass short right to 11-T.Franklin to IND 24 for 15 yards (99-D.Buckner).,pass,Half2,18,4,3.0,,0.0,0.0,15.0,1.0,0.0,0,,,
(11:49) (Shotgun) 10-B.Nix pass short right to 12-R.Harvey to DEN 36 for 3 yards (48-B.Dupree).,pass,Half1,2,1,1.0,,0.0,0.0,3.0,0.0,0.0,0,,,
(11:10) (Shotgun) 12-R.Harvey right end to DEN 40 for 4 yards (29-T.Still).,run,Half1,2,1,2.0,4.0,0.0,0.0,,0.0,0.0,0,,,
"(10:26) (No Huddle, Shotgun) 10-B.Nix pass incomplete short middle to 85-L.Krull.",pass,Half1,2,1,3.0,,0.0,0.0,,1.0,0.0,0,,,
(6:26) 27-J.Dobbins right tackle to DEN 29 for no gain (99-J.Caldwell; 0-D.Henley).,run,Half1,4,1,1.0,0.0,0.0,0.0,,0.0,0.0,0,,,
(5:47) (Shotgun) 10-B.Nix pass incomplete short right.,pass,Half1,4,1,2.0,,0.0,0.0,,0.0,0.0,0,,,
(5:40) (Shotgun) 10-B.Nix pass short right to 12-R.Harvey to DEN 38 for 9 yards (3-D.James).,pass,Half1,4,1,3.0,,0.0,0.0,9.0,1.0,0.0,0,,,
"(2:35) 27-J.Dobbins up the middle to LAC 48 for -2 yards (3-D.James, 0-D.Henley).",run,Half1,6,1,1.0,-2.0,0.0,0.0,,0.0,0.0,0,,,
(1:56) 10-B.Nix pass incomplete short left to 27-J.Dobbins.,pass,Half1,6,1,2.0,,0.0,0.0,,0.0,0.0,0,,,
(1:52) (Shotgun) 10-B.Nix pass incomplete deep left to 14-C.Sutton (24-B.St-Juste).,pass,Half1,6,1,3.0,,0.0,0.0,,1.0,0.0,0,,,
(10:23) 10-B.Nix pass short right to 14-C.Sutton to DEN 22 for 13 yards (29-T.Still).,pass,Half1,8,2,1.0,,1.0,0.0,13.0,0.0,0.0,0,,,
(9:45) (Shotgun) 10-B.Nix scrambles left tackle to DEN 26 for 4 yards (45-T.Tuipulotu).,run,Half1,8,2,1.0,4.0,0.0,0.0,,0.0,0.0,0,,,
(9:02) 27-J.Dobbins up the middle to DEN 27 for 1 yard (91-D.Hand).,run,Half1,8,2,2.0,1.0,0.0,0.0,,0.0,0.0,0,,,
(8:19) (Shotgun) 10-B.Nix pass deep middle to 14-C.Sutton to DEN 46 for 19 yards (23-T.Jefferson).,pass,Half1,8,2,3.0,,1.0,0.0,19.0,0.0,0.0,0,,,
(7:38) (Shotgun) 10-B.Nix sacked at DEN 40 for -6 yards (3-D.James).,pass,Half1,8,2,1.0,,0.0,0.0,,0.0,0.0,0,,,
(6:53) (Shotgun) 27-J.Dobbins left tackle to DEN 37 for -3 yards (90-T.Tart).,run,Half1,8,2,2.0,-3.0,0.0,0.0,,0.0,0.0,0,,,
(6:13) (Shotgun) 10-B.Nix pass incomplete deep right to 19-M.Mims [91-D.Hand].,pass,Half1,8,2,3.0,,0.0,0.0,,1.0,0.0,0,,,
(1:46) (Shotgun) 10-B.Nix pass short left to 14-C.Sutton to DEN 36 for 8 yards (3-D.James).,pass,Half1,10,2,1.0,,0.0,0.0,8.0,0.0,0.0,0,,,
"(1:26) (No Huddle, Shotgun) 10-B.Nix pass incomplete short middle to 11-T.Franklin (91-D.Hand).",pass,Half1,10,2,2.0,,0.0,0.0,,0.0,0.0,0,,,
(1:22) (Shotgun) 10-B.Nix pass short right to 14-C.Sutton to DEN 40 for 4 yards (26-D.Jackson).,pass,Half1,10,2,3.0,,1.0,0.0,4.0,0.0,0.0,0,,,
"(1:02) (No Huddle, Shotgun) 10-B.Nix pass incomplete short left to 19-M.Mims.",pass,Half1,10,2,1.0,,0.0,0.0,,0.0,0.0,0,,,
(:58) (Shotgun) 10-B.Nix pass incomplete deep right [29-T.Still].,pass,Half1,10,2,2.0,,0.0,0.0,,0.0,0.0,0,,,
(:53) (Shotgun) 10-B.Nix scrambles right end pushed ob at DEN 48 for 8 yards (3-D.James).,run,Half1,10,2,3.0,8.0,0.0,0.0,,1.0,0.0,0,,,
"(:46) (Shotgun) 10-B.Nix pass deep left to 14-C.Sutton for 52 yards, TOUCHDOWN.",pass,Half1,10,2,4.0,,1.0,0.0,52.0,0.0,1.0,0,,,C.Sutton
(14:54) (Shotgun) 27-J.Dobbins left end pushed ob at LAC 25 for 41 yards (23-T.Jefferson).,run,Half2,13,3,1.0,41.0,0.0,0.0,,0.0,0.0,0,,,
"(14:29) (No Huddle, Shotgun) 27-J.Dobbins left tackle to LAC 19 for 6 yards (50-C.Murphy).",run,Half2,13,3,1.0,6.0,0.0,0.0,,0.0,0.0,0,,,
"(13:49) (Shotgun) 27-J.Dobbins left end for 19 yards, TOUCHDOWN.",run,Half2,13,3,2.0,19.0,0.0,0.0,,0.0,0.0,0,,,J.Dobbins
(13:32) (Shotgun) 27-J.Dobbins up the middle to LAC 28 for 2 yards (92-J.Eboigbe; 99-J.Caldwell).,run,Half2,15,3,1.0,2.0,0.0,0.0,,0.0,0.0,0,,,
"(12:47) (No Huddle, Shotgun) 10-B.Nix pass incomplete deep right to 19-M.Mims [92-J.Eboigbe].",pass,Half2,15,3,2.0,,0.0,0.0,,0.0,0.0,0,,,
(12:41) (Shotgun) 10-B.Nix pass short left to 19-M.Mims pushed ob at LAC 24 for 4 yards (50-C.Murphy).,pass,Half2,15,3,3.0,,0.0,0.0,4.0,1.0,0.0,0,,,
(5:29) 10-B.Nix pass short left to 11-T.Franklin to DEN 35 for 1 yard (43-T.Dye; 3-D.James).,pass,Half2,17,3,1.0,,0.0,0.0,1.0,0.0,0.0,0,,,
"(4:52) 12-R.Harvey left end to DEN 33 for -2 yards (3-D.James). Penalty on DEN, Illegal Formation, declined.",run,Half2,17,3,2.0,-2.0,0.0,0.0,,0.0,0.0,0,,,
(4:30) (Shotgun) 10-B.Nix pass short middle to 12-R.Harvey to DEN 35 for 2 yards (29-T.Still).,pass,Half2,17,3,3.0,,0.0,0.0,2.0,1.0,0.0,0,,,
(2:11) (Shotgun) 10-B.Nix scrambles left end ran ob at DEN 48 for 7 yards (3-D.James).,run,Half2,19,3,1.0,7.0,0.0,0.0,,0.0,0.0,0,,,
(1:34) 27-J.Dobbins up the middle to LAC 41 for 11 yards (3-D.James).,run,Half2,19,3,2.0,11.0,0.0,0.0,,0.0,0.0,0,,,
(:57) (Shotgun) 27-J.Dobbins right tackle to LAC 37 for 4 yards (45-T.Tuipulotu; 54-K.Kennard).,run,Half2,19,3,1.0,4.0,0.0,0.0,,0.0,0.0,0,,,
(:13) (Shotgun) 10-B.Nix right end to LAC 41 for -4 yards (3-D.James).,run,Half2,19,3,2.0,-4.0,0.0,0.0,,0.0,0.0,0,,,
(15:00) (Shotgun) 10-B.Nix pass short middle to 85-L.Krull to LAC 32 for 9 yards (23-T.Jefferson; 3-D.James). (Virtual Measurement).,pass,Half2,19,4,3.0,,0.0,0.0,9.0,1.0,0.0,0,,,
"(14:21) 10-B.Nix pass short middle to 14-C.Sutton to LAC 10 for 22 yards (32-A.Gilman). PENALTY on LAC-32-A.Gilman, Face Mask, 5 yards, enforced at LAC 10.",pass,Half2,19,4,4.0,,1.0,1.0,22.0,0.0,1.0,1,,,
(14:01) (Shotgun) 10-B.Nix up the middle to LAC 4 for 1 yard (99-J.Caldwell).,run,Half2,19,4,1.0,1.0,0.0,0.0,,0.0,0.0,0,,,
(13:15) (Shotgun) 10-B.Nix scrambles right tackle to LAC 8 for 6 yards (0-D.Henley).,run,Half2,19,4,2.0,6.0,0.0,0.0,,0.0,0.0,0,,,
(12:28) (Shotgun) 10-B.Nix pass incomplete short right to 11-T.Franklin (23-T.Jefferson).,pass,Half2,19,4,3.0,,0.0,0.0,,1.0,0.0,0,,,
(7:45) (Shotgun) 27-J.Dobbins right tackle to DEN 24 for 4 yards (0-D.Henley).,run,Half2,21,4,1.0,4.0,0.0,0.0,,0.0,0.0,0,,,
(6:42) (Shotgun) 10-B.Nix pass short left to 11-T.Franklin to DEN 17 for 7 yards (32-A.Gilman).,pass,Half2,21,4,2.0,,0.0,0.0,7.0,0.0,0.0,0,,,
"(6:05) (No Huddle, Shotgun) 10-B.Nix scrambles up the middle to DEN 29 for 12 yards (3-D.James).",run,Half2,21,4,3.0,12.0,0.0,0.0,,1.0,0.0,0,,,
(2:31) (Shotgun) 10-B.Nix sacked ob at DEN 22 for 0 yards (43-T.Dye).,pass,Half2,23,4,1.0,,0.0,0.0,,0.0,0.0,0,,,
(2:25) (Shotgun) 10-B.Nix pass short right to 27-J.Dobbins to DEN 22 for no gain (23-T.Jefferson).,pass,Half2,23,4,2.0,,0.0,0.0,0.0,0.0,0.0,0,,,
(2:00) (Shotgun) 10-B.Nix pass incomplete deep left to 14-C.Sutton.,pass,Half2,23,4,3.0,,0.0,0.0,,1.0,0.0,0,,,
(9:03) 27-J.Dobbins right guard to DEN 33 for 3 yards (98-T.Slaton).,run,Half1,2,1,1.0,3.0,0.0,0.0,,0.0,0.0,0,,,
(8:23) (Shotgun) 10-B.Nix pass short right to 19-M.Mims to DEN 38 for 5 yards (23-D.Hill).,pass,Half1,2,1,2.0,,0.0,0.0,5.0,0.0,0.0,0,,,
(7:36) 12-R.Harvey right end pushed ob at DEN 38 for no gain (58-J.Ossai).,run,Half1,2,1,3.0,0.0,0.0,0.0,,1.0,0.0,0,,,
(4:24) (Shotgun) 10-B.Nix scrambles up the middle to DEN 39 for 3 yards (55-L.Wilson).,run,Half1,4,1,1.0,3.0,0.0,0.0,,0.0,0.0,0,,,
(3:49) 10-B.Nix pass incomplete deep right to 11-T.Franklin.,pass,Half1,4,1,2.0,,0.0,0.0,,0.0,0.0,0,,,
(3:43) (Shotgun) 10-B.Nix pass short middle to 14-C.Sutton to CIN 49 for 12 yards (28-J.Newton).,pass,Half1,4,1,3.0,,1.0,0.0,12.0,0.0,0.0,0,,,
(3:05) 10-B.Nix pass short right to 82-A.Trautman pushed ob at CIN 23 for 26 yards (44-D.Knight).,pass,Half1,4,1,1.0,,1.0,0.0,26.0,0.0,0.0,0,,,
(2:27) (Shotgun) 12-R.Harvey right guard to CIN 15 for 8 yards (44-D.Knight).,run,Half1,4,1,1.0,8.0,0.0,0.0,,0.0,0.0,0,,,
(1:47) 46-A.Prentice right guard to CIN 11 for 4 yards (92-B.Hill).,run,Half1,4,1,2.0,4.0,0.0,0.0,,0.0,0.0,0,,,
(1:05) 63-A.Palczewski reported in as eligible. 27-J.Dobbins left guard to CIN 6 for 5 yards (69-M.Pennel; 23-D.Hill).,run,Half1,4,1,1.0,5.0,0.0,0.0,,0.0,0.0,0,,,
(:27) (Shotgun) 10-B.Nix pass incomplete short right to 13-P.Bryant.,pass,Half1,4,1,2.0,,0.0,0.0,,0.0,0.0,0,,,
"(:22) (Shotgun) 10-B.Nix scrambles right tackle for 6 yards, TOUCHDOWN.",run,Half1,4,1,3.0,6.0,0.0,0.0,,0.0,0.0,0,,,B.Nix
(11:52) (Shotgun) 10-B.Nix pass short left to 19-M.Mims pushed ob at DEN 31 for 11 yards (22-G.Stone; 20-D.Turner).,pass,Half1,6,2,1.0,,1.0,0.0,11.0,0.0,0.0,0,,,
"(11:20) (No Huddle, Shotgun) 10-B.Nix pass incomplete short right to 82-A.Trautman.",pass,Half1,6,2,1.0,,0.0,0.0,,0.0,0.0,0,,,
(11:15) (Shotgun) 10-B.Nix pass short left to 82-A.Trautman pushed ob at DEN 37 for 6 yards (29-C.Taylor-Britt).,pass,Half1,6,2,2.0,,0.0,0.0,6.0,0.0,0.0,0,,,
"(10:39) (Shotgun) 10-B.Nix pass short left to 14-C.Sutton pushed ob at CIN 44 for 19 yards (22-G.Stone). Penalty on CIN-99-M.Murphy, Defensive Offside, declined.",pass,Half1,6,2,3.0,,1.0,0.0,19.0,0.0,0.0,0,,,
(10:08) (Shotgun) 10-B.Nix pass incomplete short left to 12-R.Harvey.,pass,Half1,6,2,1.0,,0.0,0.0,,0.0,0.0,0,,,
(10:03) (Shotgun) 12-R.Harvey left tackle to CIN 38 for 6 yards (44-D.Knight; 22-G.Stone).,run,Half1,6,2,2.0,6.0,0.0,0.0,,0.0,0.0,0,,,
(9:24) (Shotgun) 10-B.Nix pass short left to 14-C.Sutton to CIN 16 for 22 yards (44-D.Knight). CIN-44-D.Knight was injured during the play.,pass,Half1,6,2,3.0,,1.0,0.0,22.0,0.0,0.0,0,,,
"(8:52) 19-M.Mims left end for 16 yards, TOUCHDOWN.",run,Half1,6,2,1.0,16.0,0.0,0.0,,0.0,0.0,0,,,M.Mims
"(8:11) (Shotgun) 10-B.Nix pass short right to 45-N.Adkins to DEN 28 for -2 yards (92-B.Hill). ** Injury Update: CIN-44-D.Knight has returned to the game. Penalty on DEN-60-L.Wattenberg, Ineligible Downfield Pass, declined.",pass,Half1,8,2,1.0,,0.0,0.0,-2.0,0.0,0.0,0,,,
"(7:58) 12-R.Harvey left end to DEN 34 for 6 yards (91-T.Hendrickson; 55-L.Wilson). PENALTY on CIN-91-T.Hendrickson, Illegal Use of Hands, 5 yards, enforced at DEN 34.",run,Half1,8,2,2.0,6.0,0.0,1.0,,0.0,0.0,1,,,
(7:38) 63-A.Palczewski reported in as eligible. 27-J.Dobbins left tackle to DEN 48 for 9 yards (27-J.Battle).,run,Half1,8,2,1.0,9.0,0.0,0.0,,0.0,0.0,0,,,
(6:56) 27-J.Dobbins right guard to CIN 40 for 12 yards (90-K.Jenkins; 99-M.Murphy).,run,Half1,8,2,2.0,12.0,0.0,0.0,,0.0,0.0,0,,,
"(6:10) 27-J.Dobbins left tackle to CIN 23 for 17 yards (27-J.Battle; 22-G.Stone). PENALTY on DEN-60-L.Wattenberg, Offensive Holding, 10 yards, enforced at CIN 39.",run,Half1,8,2,1.0,1.0,0.0,0.0,,0.0,0.0,1,,,
(5:44) (Shotgun) 12-R.Harvey right end to CIN 47 for 2 yards (23-D.Hill; 44-D.Knight).,run,Half1,8,2,1.0,2.0,0.0,0.0,,0.0,0.0,0,,,
(5:03) (Shotgun) 10-B.Nix pass deep middle to 11-T.Franklin to CIN 24 for 23 yards (55-L.Wilson).,pass,Half1,8,2,2.0,,1.0,0.0,23.0,0.0,0.0,0,,,
"(4:33) (No Huddle, Shotgun) 12-R.Harvey left tackle to CIN 17 for 7 yards (98-T.Slaton).",run,Half1,8,2,1.0,7.0,0.0,0.0,,0.0,0.0,0,,,
"(4:06) (No Huddle, Shotgun) 10-B.Nix pass short left to 11-T.Franklin to CIN 11 for 6 yards (20-D.Turner, 22-G.Stone).",pass,Half1,8,2,2.0,,1.0,0.0,6.0,0.0,0.0,0,,,
(3:26) 10-B.Nix pass incomplete short left to 1-E.Engram.,pass,Half1,8,2,1.0,,0.0,0.0,,0.0,0.0,0,,,
(3:20) (Shotgun) 10-B.Nix pass short right to 1-E.Engram pushed ob at CIN 2 for 9 yards (44-D.Knight; 27-J.Battle).,pass,Half1,8,2,2.0,,0.0,0.0,9.0,0.0,0.0,0,,,
(2:39) 63-A.Palczewski reported in as eligible. Direct snap to 12-R.Harvey. 12-R.Harvey left end to CIN 2 for no gain (23-D.Hill).,run,Half1,8,2,3.0,0.0,0.0,0.0,,1.0,0.0,0,,,
"(2:04) 10-B.Nix pass short right intended for 11-T.Franklin INTERCEPTED by 44-D.Knight at CIN -5. Touchback. The Replay Official reviewed the interception ruling, and the play was Upheld. The ruling on the field stands.",pass,Half1,8,2,4.0,,0.0,0.0,,0.0,0.0,0,,,
(1:09) (Shotgun) 10-B.Nix pass short middle to 1-E.Engram to DEN 22 for 2 yards (28-J.Newton).,pass,Half1,10,2,1.0,,0.0,0.0,2.0,0.0,0.0,0,,,
"(:49) (No Huddle, Shotgun) 10-B.Nix pass short right to 11-T.Franklin to DEN 33 for 11 yards (20-D.Turner). Penalty on CIN-44-D.Knight, Defensive Holding, declined.",pass,Half1,10,2,2.0,,1.0,0.0,11.0,0.0,0.0,0,,,
(:42) (Shotgun) 10-B.Nix pass incomplete short left to 1-E.Engram.,pass,Half1,10,2,1.0,,0.0,0.0,,0.0,0.0,0,,,
(:38) (Shotgun) 10-B.Nix pass incomplete deep right to 11-T.Franklin.,pass,Half1,10,2,2.0,,0.0,0.0,,0.0,0.0,0,,,
(:33) (Shotgun) 10-B.Nix pass deep left to 19-M.Mims to CIN 39 for 28 yards (22-G.Stone).,pass,Half1,10,2,3.0,,1.0,0.0,28.0,0.0,0.0,0,,,
(:26) (Shotgun) 10-B.Nix pass short right to 28-T.Badie pushed ob at CIN 28 for 11 yards (23-D.Hill) [96-C.Sample].,pass,Half1,10,2,1.0,,1.0,0.0,11.0,0.0,0.0,0,,,
(:21) (Shotgun) 10-B.Nix pass incomplete short middle to 28-T.Badie.,pass,Half1,10,2,1.0,,0.0,0.0,,0.0,0.0,0,,,
"(:17) (Shotgun) 10-B.Nix pass short left to 14-C.Sutton to CIN 20 for 8 yards (44-D.Knight). Penalty on CIN-58-J.Ossai, Defensive Offside, declined.",pass,Half1,10,2,2.0,,0.0,0.0,8.0,0.0,0.0,0,,,
"(:13) (Shotgun) 10-B.Nix pass deep right to 14-C.Sutton for 20 yards, TOUCHDOWN.",pass,Half1,10,2,3.0,,1.0,0.0,20.0,0.0,0.0,0,,,C.Sutton
(14:54) (Shotgun) 10-B.Nix pass short left to 19-M.Mims to DEN 38 for 8 yards (23-D.Hill).,pass,Half2,12,3,1.0,,0.0,0.0,8.0,0.0,0.0,0,,,
(14:14) 63-A.Palczewski reported in as eligible. 27-J.Dobbins up the middle to DEN 43 for 5 yards (99-M.Murphy).,run,Half2,12,3,2.0,5.0,0.0,0.0,,0.0,0.0,0,,,
(13:36) (Shotgun) 10-B.Nix pass incomplete short right to 45-N.Adkins (23-D.Hill).,pass,Half2,12,3,1.0,,0.0,0.0,,0.0,0.0,0,,,
(13:32) (Shotgun) 10-B.Nix left tackle to DEN 44 for 1 yard (91-T.Hendrickson).,run,Half2,12,3,2.0,1.0,0.0,0.0,,0.0,0.0,0,,,
(12:52) (Shotgun) 10-B.Nix pass incomplete deep left to 1-E.Engram.,pass,Half2,12,3,3.0,,0.0,0.0,,1.0,0.0,0,,,
(10:59) (Shotgun) 27-J.Dobbins right tackle to DEN 24 for 9 yards (27-J.Battle; 22-G.Stone).,run,Half2,14,3,1.0,9.0,0.0,0.0,,0.0,0.0,0,,,
(10:13) 27-J.Dobbins right guard to DEN 30 for 6 yards (49-B.Carter; 69-M.Pennel).,run,Half2,14,3,2.0,6.0,0.0,0.0,,0.0,0.0,0,,,
"(9:36) (Shotgun) 10-B.Nix pass incomplete short middle to 14-C.Sutton. Penalty on DEN-13-P.Bryant, Offensive Offside, declined.",pass,Half2,14,3,1.0,,0.0,0.0,,0.0,0.0,0,,,
(9:32) (Shotgun) 10-B.Nix pass short left to 12-R.Harvey to DEN 44 for 14 yards (91-T.Hendrickson; 23-D.Hill).,pass,Half2,14,3,2.0,,1.0,0.0,14.0,0.0,0.0,0,,,
(8:18) (Shotgun) 10-B.Nix pass short right to 27-J.Dobbins to DEN 33 for 4 yards (23-D.Hill; 55-L.Wilson).,pass,Half2,14,3,1.0,,0.0,0.0,4.0,0.0,0.0,0,,,
"(7:34) (Shotgun) 10-B.Nix pass short right to 1-E.Engram to DEN 40 for 7 yards (90-K.Jenkins; 27-J.Battle). Penalty on DEN-60-L.Wattenberg, Ineligible Downfield Pass, declined.",pass,Half2,14,3,2.0,,0.0,0.0,7.0,0.0,0.0,0,,,
(7:07) (Shotgun) 10-B.Nix pass short left to 19-M.Mims to DEN 45 for 5 yards (22-G.Stone).,pass,Half2,14,3,3.0,,0.0,0.0,5.0,1.0,0.0,0,,,
(2:53) 27-J.Dobbins right tackle to DEN 10 for 3 yards (69-M.Pennel; 96-C.Sample).,run,Half2,16,3,1.0,3.0,0.0,0.0,,0.0,0.0,0,,,
(2:13) 10-B.Nix pass short right to 45-N.Adkins to DEN 17 for 7 yards (23-D.Hill).,pass,Half2,16,3,2.0,,1.0,0.0,7.0,0.0,0.0,0,,,
(1:32) (Shotgun) 10-B.Nix pass short left to 11-T.Franklin to DEN 32 for 15 yards (49-B.Carter).,pass,Half2,16,3,1.0,,1.0,0.0,15.0,0.0,0.0,0,,,
(:48) 63-A.Palczewski reported in as eligible. 27-J.Dobbins left tackle to DEN 33 for 1 yard (98-T.Slaton; 42-O.Burks).,run,Half2,16,3,1.0,1.0,0.0,0.0,,0.0,0.0,0,,,
(:06) 10-B.Nix pass short left to 12-R.Harvey pushed ob at DEN 43 for 10 yards (28-J.Newton).,pass,Half2,16,3,2.0,,1.0,0.0,10.0,0.0,0.0,0,,,
"(15:00) (Shotgun) 12-R.Harvey left guard to CIN 48 for 9 yards (22-G.Stone). PENALTY on DEN-60-L.Wattenberg, Offensive Holding, 10 yards, enforced at DEN 44.",run,Half2,16,4,1.0,1.0,0.0,0.0,,0.0,0.0,1,,,
(14:27) (Shotgun) 10-B.Nix pass incomplete deep middle to 11-T.Franklin.,pass,Half2,16,4,1.0,,0.0,0.0,,0.0,0.0,0,,,
(14:21) (Shotgun) 10-B.Nix pass short left to 12-R.Harvey to DEN 33 for 4 yards (44-D.Knight).,pass,Half2,16,4,2.0,,0.0,0.0,4.0,0.0,0.0,0,,,
(13:37) (Shotgun) 10-B.Nix pass short middle to 1-E.Engram to DEN 44 for 11 yards (27-J.Battle).,pass,Half2,16,4,3.0,,0.0,0.0,11.0,1.0,0.0,0,,,
(11:09) 27-J.Dobbins right end to DEN 35 for 11 yards (27-J.Battle; 92-B.Hill).,run,Half2,18,4,1.0,11.0,0.0,0.0,,0.0,0.0,0,,,
(10:27) 63-A.Palczewski reported in as eligible. 27-J.Dobbins right tackle to DEN 41 for 6 yards (44-D.Knight).,run,Half2,18,4,1.0,6.0,0.0,0.0,,0.0,0.0,0,,,
(9:49) 27-J.Dobbins left tackle to DEN 44 for 3 yards (90-K.Jenkins).,run,Half2,18,4,2.0,3.0,0.0,0.0,,0.0,0.0,0,,,
(9:09) (Shotgun) 10-B.Nix pass short right to 19-M.Mims to CIN 44 for 12 yards (28-J.Newton; 55-L.Wilson).,pass,Half2,18,4,3.0,,1.0,0.0,12.0,0.0,0.0,0,,,
(8:25) 27-J.Dobbins right tackle to CIN 43 for 1 yard (91-T.Hendrickson).,run,Half2,18,4,1.0,1.0,0.0,0.0,,0.0,0.0,0,,,
(7:45) 63-A.Palczewski reported in as eligible. 27-J.Dobbins left guard to CIN 33 for 10 yards (20-D.Turner; 22-G.Stone).,run,Half2,18,4,2.0,10.0,0.0,0.0,,0.0,0.0,0,,,
(7:02) 27-J.Dobbins left end pushed ob at CIN 17 for 16 yards (27-J.Battle).,run,Half2,18,4,1.0,16.0,0.0,0.0,,0.0,0.0,0,,,
(6:25) (Shotgun) 12-R.Harvey right guard to CIN 14 for 3 yards (92-B.Hill).,run,Half2,18,4,1.0,3.0,0.0,0.0,,0.0,0.0,0,,,
(5:42) 63-A.Palczewski reported in as eligible. 12-R.Harvey left guard to CIN 12 for 2 yards (44-D.Knight; 90-K.Jenkins).,run,Half2,18,4,2.0,2.0,0.0,0.0,,0.0,0.0,0,,,
"(5:02) (Shotgun) 10-B.Nix pass short left to 12-R.Harvey for 12 yards, TOUCHDOWN.",pass,Half2,18,4,3.0,,1.0,0.0,12.0,0.0,0.0,0,,,R.Harvey
(2:52) 63-A.Palczewski reported in as eligible. 12-R.Harvey left guard to DEN 22 for 3 yards (99-M.Murphy).,run,Half2,20,4,1.0,3.0,0.0,0.0,,0.0,0.0,0,,,
(2:18) 12-R.Harvey left end pushed ob at DEN 30 for 8 yards (98-T.Slaton).,run,Half2,20,4,2.0,8.0,0.0,0.0,,0.0,0.0,0,,,
(2:11) 12-R.Harvey right end pushed ob at DEN 39 for 9 yards (27-J.Battle). DEN-45-N.Adkins was injured during the play.,run,Half2,20,4,1.0,9.0,0.0,0.0,,0.0,0.0,0,,,
(2:05) 63-A.Palczewski reported in as eligible. 12-R.Harvey left guard to DEN 42 for 3 yards (92-B.Hill).,run,Half2,20,4,2.0,3.0,0.0,0.0,,0.0,0.0,0,,,
(14:53) (Shotgun) 27-J.Dobbins left tackle to DEN 34 for 3 yards (30-J.Campbell).,run,Half1,1,1,1.0,3.0,0.0,0.0,,0.0,0.0,0,,,
(14:17) 27-J.Dobbins right tackle to DEN 37 for 3 yards (58-J.Hunt; 32-R.Blankenship).,run,Half1,1,1,2.0,3.0,0.0,0.0,,0.0,0.0,0,,,
(13:35) (Shotgun) 10-B.Nix pass incomplete deep right to 14-C.Sutton.,pass,Half1,1,1,3.0,,0.0,0.0,,1.0,0.0,0,,,
(12:08) 19-M.Mims right end to DEN 40 for 9 yards (32-R.Blankenship).,run,Half1,3,1,1.0,9.0,0.0,0.0,,0.0,0.0,0,,,
(11:29) 63-A.Palczewski reported in as eligible. 12-R.Harvey left guard to DEN 42 for 2 yards (90-J.Davis; 97-M.Ojomo).,run,Half1,3,1,2.0,2.0,0.0,0.0,,0.0,0.0,0,,,
(10:51) (Shotgun) 10-B.Nix pass short right to 19-M.Mims to DEN 46 for 4 yards (27-Q.Mitchell).,pass,Half1,3,1,1.0,,0.0,0.0,4.0,0.0,0.0,0,,,
(10:15) 10-B.Nix pass incomplete short right to 45-N.Adkins.,pass,Half1,3,1,2.0,,0.0,0.0,,0.0,0.0,0,,,
"(10:10) (No Huddle, Shotgun) 10-B.Nix pass short right to 14-C.Sutton to PHI 47 for 7 yards (27-Q.Mitchell; 30-J.Campbell).",pass,Half1,3,1,3.0,,1.0,0.0,7.0,0.0,0.0,0,,,
(9:32) (Shotgun) 27-J.Dobbins right guard to PHI 46 for 1 yard (98-J.Carter).,run,Half1,3,1,1.0,1.0,0.0,0.0,,0.0,0.0,0,,,
"(9:03) (No Huddle, Shotgun) 27-J.Dobbins left guard to PHI 43 for 3 yards (98-J.Carter; 53-Z.Baun).",run,Half1,3,1,2.0,3.0,0.0,0.0,,0.0,0.0,0,,,
"(8:30) (No Huddle, Shotgun) 10-B.Nix pass short left to 14-C.Sutton to PHI 39 for 4 yards (30-J.Campbell; 27-Q.Mitchell).",pass,Half1,3,1,3.0,,0.0,0.0,4.0,1.0,0.0,0,,,
(7:41) 12-R.Harvey left end to PHI 37 for -3 yards (13-A.Ojulari).,run,Half1,3,1,1.0,-3.0,0.0,0.0,,0.0,0.0,0,,,
"(7:01) (Shotgun) 10-B.Nix sacked at PHI 46 for -9 yards (33-C.DeJean). FUMBLES (33-C.DeJean), RECOVERED by PHI-58-J.Hunt at PHI 39. The Replay Official reviewed the fumble ruling, and the play was REVERSED. (Shotgun) 10-B.Nix pass incomplete short left to 11-T.Franklin (33-C.DeJean).",pass,Half1,3,1,2.0,,0.0,0.0,,0.0,0.0,0,,,
(6:57) (Shotgun) 10-B.Nix pass incomplete deep middle to 1-E.Engram [98-J.Carter].,pass,Half1,3,1,3.0,,0.0,0.0,,1.0,0.0,0,,,
(:20) 10-B.Nix pass deep right to 11-T.Franklin pushed ob at DEN 49 for 20 yards (7-K.Ringo) [52-Z.Smith].,pass,Half1,5,1,1.0,,1.0,0.0,20.0,0.0,0.0,0,,,
(15:00) (Shotgun) 10-B.Nix pass short left to 27-J.Dobbins pushed ob at PHI 46 for 5 yards (53-Z.Baun).,pass,Half1,5,2,1.0,,0.0,0.0,5.0,0.0,0.0,0,,,
(14:25) 63-A.Palczewski reported in as eligible. 27-J.Dobbins up the middle to PHI 36 for 10 yards (30-J.Campbell).,run,Half1,5,2,2.0,10.0,0.0,0.0,,0.0,0.0,0,,,
(13:45) (Shotgun) 27-J.Dobbins left end to PHI 29 for 7 yards (53-Z.Baun; 97-M.Ojomo).,run,Half1,5,2,1.0,7.0,0.0,0.0,,0.0,0.0,0,,,
(12:44) (Shotgun) 10-B.Nix pass incomplete deep left to 5-T.Sherfield [0-J.Uche].,pass,Half1,5,2,2.0,,0.0,0.0,,0.0,0.0,0,,,
"(12:38) (No Huddle, Shotgun) 10-B.Nix sacked at PHI 47 for -13 yards (52-Z.Smith).",pass,Half1,5,2,3.0,,0.0,0.0,,1.0,0.0,0,,,
(7:15) (Shotgun) 10-B.Nix pass short left to 5-T.Sherfield to DEN 34 for 15 yards (7-K.Ringo).,pass,Half1,7,2,1.0,,1.0,0.0,15.0,0.0,0.0,0,,,
(6:39) (Shotgun) 10-B.Nix pass short right to 12-R.Harvey to DEN 40 for 6 yards (7-K.Ringo).,pass,Half1,7,2,1.0,,0.0,0.0,6.0,0.0,0.0,0,,,
(5:38) (Shotgun) 27-J.Dobbins left guard to DEN 36 for 1 yard (97-M.Ojomo).,run,Half1,7,2,2.0,1.0,0.0,0.0,,0.0,0.0,0,,,
"(5:03) (No Huddle, Shotgun) 10-B.Nix pass incomplete short middle to 1-E.Engram [13-A.Ojulari].",pass,Half1,7,2,3.0,,0.0,0.0,,1.0,0.0,0,,,
(2:18) (Shotgun) 10-B.Nix pass incomplete short left.,pass,Half1,9,2,1.0,,0.0,0.0,,0.0,0.0,0,,,
(2:12) (Shotgun) 10-B.Nix pass short right to 28-T.Badie to DEN 36 for 16 yards (32-R.Blankenship).,pass,Half1,9,2,2.0,,1.0,0.0,16.0,0.0,0.0,0,,,
(2:00) (Shotgun) 10-B.Nix pass short right to 11-T.Franklin to DEN 41 for 5 yards (30-J.Campbell; 52-Z.Smith).,pass,Half1,9,2,1.0,,0.0,0.0,5.0,0.0,0.0,0,,,
"(1:36) (No Huddle, Shotgun) 10-B.Nix pass incomplete short middle to 28-T.Badie.",pass,Half1,9,2,2.0,,0.0,0.0,,0.0,0.0,0,,,
(1:32) (Shotgun) 10-B.Nix pass incomplete deep left to 11-T.Franklin.,pass,Half1,9,2,3.0,,0.0,0.0,,1.0,0.0,0,,,
(:52) (Shotgun) 10-B.Nix pass short right to 1-E.Engram to DEN 41 for -3 yards (33-C.DeJean).,pass,Half1,11,2,1.0,,0.0,0.0,-3.0,0.0,0.0,0,,,
"(:28) (No Huddle, Shotgun) 10-B.Nix pass incomplete short left to 14-C.Sutton (27-Q.Mitchell).",pass,Half1,11,2,2.0,,0.0,0.0,,0.0,0.0,0,,,
(:21) (Shotgun) 10-B.Nix pass incomplete deep right to 19-M.Mims.,pass,Half1,11,2,3.0,,0.0,0.0,,1.0,0.0,0,,,
"(13:18) 27-J.Dobbins right end to DEN 16 for -2 yards (30-J.Campbell, 53-Z.Baun).",run,Half2,14,3,1.0,-2.0,0.0,0.0,,0.0,0.0,0,,,
(12:35) (Shotgun) 10-B.Nix pass short right to 12-R.Harvey pushed ob at DEN 27 for 11 yards (30-J.Campbell).,pass,Half2,14,3,2.0,,0.0,0.0,11.0,0.0,0.0,0,,,
(11:59) 63-A.Palczewski reported in as eligible. 10-B.Nix up the middle to DEN 29 for 2 yards (90-J.Davis).,run,Half2,14,3,3.0,2.0,0.0,0.0,,0.0,0.0,0,,,
(11:08) (Shotgun) 10-B.Nix scrambles right end ran ob at DEN 38 for 14 yards (53-Z.Baun).,run,Half2,14,3,1.0,14.0,0.0,0.0,,0.0,0.0,0,,,
(10:29) 63-A.Palczewski reported in as eligible. 46-A.Prentice up the middle to DEN 46 for 8 yards (30-J.Campbell; 94-B.Young).,run,Half2,14,3,2.0,8.0,0.0,0.0,,0.0,0.0,0,,,
(9:43) 27-J.Dobbins up the middle to PHI 37 for 17 yards (7-K.Ringo).,run,Half2,14,3,1.0,17.0,0.0,0.0,,0.0,0.0,0,,,
(9:06) 63-A.Palczewski reported in as eligible. 27-J.Dobbins right guard to PHI 35 for 2 yards (0-J.Uche).,run,Half2,14,3,1.0,2.0,0.0,0.0,,0.0,0.0,0,,,
"(8:21) (Shotgun) 10-B.Nix pass incomplete short right [53-Z.Baun]. PENALTY on DEN-10-B.Nix, Intentional Grounding, 13 yards, enforced at PHI 35.",pass,Half2,14,3,2.0,,0.0,0.0,,0.0,0.0,1,,,
(8:16) (Shotgun) 10-B.Nix pass short right to 19-M.Mims to PHI 42 for 6 yards (53-Z.Baun).,pass,Half2,14,3,3.0,,0.0,0.0,6.0,1.0,0.0,0,,,
(5:17) (Shotgun) 10-B.Nix scrambles right end to DEN 26 for 6 yards (27-Q.Mitchell).,run,Half2,16,3,1.0,6.0,0.0,0.0,,0.0,0.0,0,,,
(4:37) 27-J.Dobbins left guard to DEN 28 for 2 yards (13-A.Ojulari; 30-J.Campbell).,run,Half2,16,3,2.0,2.0,0.0,0.0,,0.0,0.0,0,,,
(3:56) (Shotgun) 10-B.Nix pass incomplete short right to 19-M.Mims.,pass,Half2,16,3,3.0,,0.0,0.0,,1.0,0.0,0,,,
(2:38) (Shotgun) 10-B.Nix pass short right to 1-E.Engram pushed ob at DEN 43 for 7 yards (30-J.Campbell).,pass,Half2,18,3,1.0,,0.0,0.0,7.0,0.0,0.0,0,,,
(2:04) 27-J.Dobbins left end pushed ob at DEN 48 for 5 yards (53-Z.Baun).,run,Half2,18,3,2.0,5.0,0.0,0.0,,0.0,0.0,0,,,
(1:29) (Shotgun) 10-B.Nix pass incomplete deep right to 19-M.Mims.,pass,Half2,18,3,1.0,,0.0,0.0,,0.0,0.0,0,,,
"(1:24) 12-R.Harvey right end to PHI 44 for 8 yards (30-J.Campbell, 24-A.Mukuba).",run,Half2,18,3,2.0,8.0,0.0,0.0,,0.0,0.0,0,,,
"(:44) (No Huddle, Shotgun) 10-B.Nix pass short right to 14-C.Sutton to PHI 38 for 6 yards (27-Q.Mitchell).",pass,Half2,18,3,3.0,,1.0,0.0,6.0,0.0,0.0,0,,,
(:07) (Shotgun) 10-B.Nix pass short left to 14-C.Sutton to PHI 32 for 6 yards (33-C.DeJean).,pass,Half2,18,3,1.0,,0.0,0.0,6.0,0.0,0.0,0,,,
(15:00) 27-J.Dobbins right tackle to PHI 19 for 13 yards (13-A.Ojulari; 24-A.Mukuba).,run,Half2,18,4,2.0,13.0,0.0,0.0,,0.0,0.0,0,,,
(14:23) (Shotgun) 10-B.Nix pass short left to 11-T.Franklin ran ob at PHI 9 for 10 yards (24-A.Mukuba).,pass,Half2,18,4,1.0,,1.0,0.0,10.0,0.0,0.0,0,,,
(13:49) (Shotgun) 27-J.Dobbins right tackle to PHI 4 for 5 yards (52-Z.Smith; 98-J.Carter). DEN-69-M.McGlinchey was injured during the play.,run,Half2,18,4,1.0,5.0,0.0,0.0,,0.0,0.0,0,,,
"(13:16) 27-J.Dobbins right guard for 2 yards, TOUCHDOWN.",run,Half2,18,4,1.0,2.0,0.0,0.0,,0.0,0.0,0,,,J.Dobbins
(11:08) (Shotgun) 10-B.Nix pass deep left to 1-E.Engram to DEN 46 for 18 yards (7-K.Ringo). ** Injury Update: DEN-69-M.McGlinchey has returned to the game.,pass,Half2,20,4,1.0,,1.0,0.0,18.0,0.0,0.0,0,,,
"(10:36) (No Huddle, Shotgun) 10-B.Nix pass short left to 14-C.Sutton to PHI 40 for 14 yards (27-Q.Mitchell).",pass,Half2,20,4,1.0,,1.0,0.0,14.0,0.0,0.0,0,,,
(9:59) (Shotgun) 12-R.Harvey right end pushed ob at PHI 35 for 5 yards (7-K.Ringo).,run,Half2,20,4,1.0,5.0,0.0,0.0,,0.0,0.0,0,,,
(9:18) 27-J.Dobbins left guard to PHI 35 for no gain (24-A.Mukuba).,run,Half2,20,4,2.0,0.0,0.0,0.0,,0.0,0.0,0,,,
(8:17) (Shotgun) 10-B.Nix pass short right to 14-C.Sutton to PHI 11 for 34 yards (53-Z.Baun).,pass,Half2,20,4,3.0,,1.0,0.0,34.0,0.0,0.0,0,,,
"(7:43) (No Huddle) 10-B.Nix pass short middle to 1-E.Engram for 11 yards, TOUCHDOWN.",pass,Half2,20,4,1.0,,1.0,0.0,11.0,0.0,0.0,0,,,E.Engram
TWO-POINT CONVERSION ATTEMPT. 10-B.Nix pass to 11-T.Franklin is complete. ATTEMPT SUCCEEDS.,pass,Half2,20,4,,,0.0,0.0,,0.0,0.0,0,,,
(5:00) 10-B.Nix pass short left to 82-A.Trautman to DEN 43 for 11 yards (53-Z.Baun; 33-C.DeJean).,pass,Half2,22,4,1.0,,1.0,0.0,11.0,0.0,0.0,0,,,
(4:17) 27-J.Dobbins right end to DEN 47 for 4 yards (24-A.Mukuba).,run,Half2,22,4,1.0,4.0,0.0,0.0,,0.0,0.0,0,,,
(3:34) 10-B.Nix pass incomplete short right [58-J.Hunt].,pass,Half2,22,4,2.0,,0.0,0.0,,0.0,0.0,0,,,
(3:28) (Shotgun) 10-B.Nix pass short right to 14-C.Sutton to PHI 37 for 16 yards (27-Q.Mitchell).,pass,Half2,22,4,3.0,,1.0,0.0,16.0,0.0,0.0,0,,,
(2:39) 63-A.Palczewski reported in as eligible. 27-J.Dobbins right tackle to PHI 41 for 1 yard (0-J.Uche).,run,Half2,22,4,1.0,1.0,0.0,0.0,,0.0,0.0,0,,,
(2:34) (Shotgun) 10-B.Nix pass short middle to 14-C.Sutton to PHI 29 for 12 yards (53-Z.Baun).,pass,Half2,22,4,2.0,,0.0,0.0,12.0,0.0,0.0,0,,,
"(2:27) 10-B.Nix pass short right to 12-R.Harvey to PHI 28 for 1 yard (24-A.Mukuba). PENALTY on PHI-53-Z.Baun, Unnecessary Roughness, 14 yards, enforced at PHI 28.",pass,Half2,22,4,3.0,,0.0,1.0,1.0,1.0,0.0,1,,,
(2:21) 63-A.Palczewski reported in as eligible. 27-J.Dobbins right tackle to PHI 13 for 1 yard (53-Z.Baun; 98-J.Carter). PHI-94-B.Young was injured during the play.,run,Half2,22,4,1.0,1.0,0.0,0.0,,0.0,0.0,0,,,
(2:16) 27-J.Dobbins right guard to PHI 12 for 1 yard (97-M.Ojomo).,run,Half2,22,4,2.0,1.0,0.0,0.0,,0.0,0.0,0,,,
(2:00) (Shotgun) 63-A.Palczewski reported in as eligible. 10-B.Nix sacked at PHI 13 for -1 yards (53-Z.Baun).,pass,Half2,22,4,3.0,,0.0,0.0,,1.0,0.0,0,,,
(14:54) 27-J.Dobbins left end to DEN 23 for 1 yard (51-F.Mauigoa).,run,Half1,1,1,1.0,1.0,0.0,0.0,,0.0,0.0,0,,,
(14:15) 27-J.Dobbins right end to DEN 25 for 2 yards (11-J.Johnson).,run,Half1,1,1,2.0,2.0,0.0,0.0,,0.0,0.0,0,,,
"(13:38) (Shotgun) 10-B.Nix pass short right to 11-T.Franklin to DEN 32 for 7 yards (29-J.Brownlee) [44-J.Sherwood]. FUMBLES (29-J.Brownlee), RECOVERED by NYJ-8-A.Cisco at DEN 37.",pass,Half1,1,1,3.0,,0.0,0.0,7.0,1.0,0.0,0,T.Franklin,,
(10:54) (Shotgun) 10-B.Nix pass short left to 45-N.Adkins to DEN 45 for 7 yards (44-J.Sherwood).,pass,Half1,3,1,1.0,,0.0,0.0,7.0,0.0,0.0,0,,,
(10:19) 10-B.Nix pass incomplete short right [9-W.McDonald].,pass,Half1,3,1,2.0,,0.0,0.0,,0.0,0.0,0,,,
(10:13) (Shotgun) 10-B.Nix pass short left to 13-P.Bryant to NYJ 44 for 11 yards (8-A.Cisco).,pass,Half1,3,1,3.0,,1.0,0.0,11.0,0.0,0.0,0,,,
"(9:18) (Shotgun) 10-B.Nix pass short right to 1-E.Engram to 50 for -1 yards (29-J.Brownlee, 51-F.Mauigoa).",pass,Half1,3,1,1.0,,0.0,0.0,-1.0,0.0,0.0,0,,,
(8:41) 11-T.Franklin right end pushed ob at NYJ 48 for 2 yards (44-J.Sherwood).,run,Half1,3,1,2.0,2.0,0.0,0.0,,0.0,0.0,0,,,
(8:01) (Shotgun) 10-B.Nix pass short right to 12-R.Harvey to NYJ 39 for 9 yards (95-Q.Williams; 26-I.Oliver).,pass,Half1,3,1,3.0,,0.0,0.0,9.0,1.0,0.0,0,,,
(4:50) (Shotgun) 10-B.Nix pass short right to 14-C.Sutton to DEN 48 for 17 yards (1-A.Gardner).,pass,Half1,5,1,1.0,,1.0,0.0,17.0,0.0,0.0,0,,,
(4:08) 27-J.Dobbins right end to DEN 48 for no gain (78-J.Tufele; 44-J.Sherwood).,run,Half1,5,1,1.0,0.0,0.0,0.0,,0.0,0.0,0,,,
(3:06) (Shotgun) 10-B.Nix pass short right to 12-R.Harvey to DEN 42 for 4 yards (44-J.Sherwood; 51-F.Mauigoa).,pass,Half1,5,1,2.0,,0.0,0.0,4.0,0.0,0.0,0,,,
(2:25) (Shotgun) 10-B.Nix scrambles right tackle pushed ob at NYJ 47 for 11 yards (26-I.Oliver).,run,Half1,5,1,3.0,11.0,0.0,0.0,,1.0,0.0,0,,,
(1:42) (Shotgun) 10-B.Nix pass short right to 1-E.Engram pushed ob at NYJ 36 for 11 yards (44-J.Sherwood).,pass,Half1,5,1,4.0,,1.0,0.0,11.0,0.0,1.0,0,,,
(1:06) 63-A.Palczewski reported in as eligible. 10-B.Nix pass incomplete short right to 14-C.Sutton (1-A.Gardner).,pass,Half1,5,1,1.0,,0.0,0.0,,0.0,0.0,0,,,
(1:03) (Shotgun) 10-B.Nix pass short left to 19-M.Mims pushed ob at NYJ 32 for 4 yards (1-A.Gardner).,pass,Half1,5,1,2.0,,0.0,0.0,4.0,0.0,0.0,0,,,
"(:36) (No Huddle, Shotgun) 10-B.Nix pass short left to 1-E.Engram to NYJ 16 for 16 yards (44-J.Sherwood).",pass,Half1,5,1,3.0,,1.0,0.0,16.0,0.0,0.0,0,,,
"(:02) (No Huddle, Shotgun) 10-B.Nix pass short right to 45-N.Adkins for 16 yards, TOUCHDOWN.",pass,Half1,5,1,1.0,,1.0,0.0,16.0,0.0,0.0,0,,,N.Adkins
(13:24) 10-B.Nix pass incomplete deep middle to 19-M.Mims.,pass,Half1,7,2,1.0,,0.0,0.0,,0.0,0.0,0,,,
(13:15) 1-E.Engram left end pushed ob at DEN 28 for 7 yards (8-A.Cisco).,run,Half1,7,2,2.0,7.0,0.0,0.0,,0.0,0.0,0,,,
"(12:41) (No Huddle, Shotgun) 10-B.Nix pass short left to 1-E.Engram to DEN 32 for 4 yards (8-A.Cisco).",pass,Half1,7,2,3.0,,1.0,0.0,4.0,0.0,0.0,0,,,
(12:01) 27-J.Dobbins right tackle to DEN 33 for 1 yard (44-J.Sherwood; 21-B.Stephens).,run,Half1,7,2,1.0,1.0,0.0,0.0,,0.0,0.0,0,,,
(11:23) (Shotgun) 10-B.Nix pass short left to 11-T.Franklin to DEN 40 for 7 yards (9-W.McDonald). NYJ-78-J.Tufele was injured during the play.,pass,Half1,7,2,2.0,,0.0,0.0,7.0,0.0,0.0,0,,,
(10:55) (Shotgun) 10-B.Nix left end to DEN 46 for 6 yards (29-J.Brownlee).,run,Half1,7,2,3.0,6.0,0.0,0.0,,0.0,0.0,0,,,
(10:18) 27-J.Dobbins left guard to NYJ 49 for 5 yards (51-F.Mauigoa; 44-J.Sherwood).,run,Half1,7,2,1.0,5.0,0.0,0.0,,0.0,0.0,0,,,
(9:36) (Shotgun) 63-A.Palczewski reported in as eligible. 10-B.Nix pass incomplete short middle to 11-T.Franklin.,pass,Half1,7,2,2.0,,0.0,0.0,,0.0,0.0,0,,,
(9:32) (Shotgun) 10-B.Nix pass incomplete short right to 27-J.Dobbins.,pass,Half1,7,2,3.0,,0.0,0.0,,1.0,0.0,0,,,
(7:45) 10-B.Nix pass short right to 11-T.Franklin pushed ob at DEN 46 for 5 yards (29-J.Brownlee).,pass,Half1,9,2,1.0,,0.0,0.0,5.0,0.0,0.0,0,,,
(7:11) 27-J.Dobbins up the middle to NYJ 48 for 6 yards (51-F.Mauigoa; 29-J.Brownlee).,run,Half1,9,2,2.0,6.0,0.0,0.0,,0.0,0.0,0,,,
"(6:31) (No Huddle, Shotgun) 10-B.Nix scrambles left end to NYJ 39 for 9 yards (44-J.Sherwood).",run,Half1,9,2,1.0,9.0,0.0,0.0,,0.0,0.0,0,,,
(5:44) 63-A.Palczewski reported in as eligible. 27-J.Dobbins up the middle to NYJ 39 for no gain (8-A.Cisco; 53-M.Walker).,run,Half1,9,2,2.0,0.0,0.0,0.0,,0.0,0.0,0,,,
(4:17) (Shotgun) 10-B.Nix pass short right to 12-R.Harvey to NYJ 45 for 8 yards (27-M.Moore; 26-I.Oliver).,pass,Half1,9,2,3.0,,0.0,0.0,8.0,1.0,0.0,0,,,
(10:21) 63-A.Palczewski reported in as eligible. 27-J.Dobbins right end to DEN 27 for 4 yards (72-M.Clemons).,run,Half2,12,3,1.0,4.0,0.0,0.0,,0.0,0.0,0,,,
(9:43) (Shotgun) 12-R.Harvey right end pushed ob at DEN 29 for 2 yards (27-M.Moore; 51-F.Mauigoa).,run,Half2,12,3,2.0,2.0,0.0,0.0,,0.0,0.0,0,,,
"(9:04) 10-B.Nix pass incomplete short right to 38-J.McLaughlin. Penalty on DEN-77-Q.Meinerz, Ineligible Downfield Pass, declined.",pass,Half2,12,3,3.0,,0.0,0.0,,1.0,0.0,0,,,
(2:41) (Shotgun) 10-B.Nix pass incomplete short middle.,pass,Half2,16,3,1.0,,0.0,0.0,,0.0,0.0,0,,,
(2:37) 27-J.Dobbins up the middle to DEN 18 for no gain (51-F.Mauigoa).,run,Half2,16,3,2.0,0.0,0.0,0.0,,0.0,0.0,0,,,
(1:56) (Shotgun) 46-A.Prentice left guard to DEN 21 for 3 yards (9-W.McDonald; 95-Q.Williams).,run,Half2,16,3,3.0,3.0,0.0,0.0,,1.0,0.0,0,,,
(14:53) 63-A.Palczewski reported in as eligible. 27-J.Dobbins left guard to DEN 29 for 4 yards (53-M.Walker; 51-F.Mauigoa).,run,Half2,18,4,1.0,4.0,0.0,0.0,,0.0,0.0,0,,,
(14:17) (Shotgun) 38-J.McLaughlin right guard to DEN 29 for no gain (44-J.Sherwood).,run,Half2,18,4,2.0,0.0,0.0,0.0,,0.0,0.0,0,,,
"(13:46) (No Huddle, Shotgun) 10-B.Nix pass incomplete short middle to 1-E.Engram (44-J.Sherwood).",pass,Half2,18,4,3.0,,0.0,0.0,,1.0,0.0,0,,,
(10:16) (Shotgun) 10-B.Nix pass incomplete short right.,pass,Half2,20,4,1.0,,0.0,0.0,,0.0,0.0,0,,,
(10:09) (Shotgun) 63-A.Palczewski reported in as eligible. 10-B.Nix pass short left to 1-E.Engram to DEN 38 for 12 yards (8-A.Cisco).,pass,Half2,20,4,2.0,,1.0,0.0,12.0,0.0,0.0,0,,,
(9:35) (Shotgun) 12-R.Harvey right tackle to DEN 40 for 2 yards (29-J.Brownlee).,run,Half2,20,4,1.0,2.0,0.0,0.0,,0.0,0.0,0,,,
(8:55) (Shotgun) 10-B.Nix pass short right to 12-R.Harvey to DEN 40 for no gain (21-B.Stephens; 44-J.Sherwood).,pass,Half2,20,4,2.0,,0.0,0.0,0.0,0.0,0.0,0,,,
(8:15) (Shotgun) 10-B.Nix pass short left to 19-M.Mims pushed ob at NYJ 34 for 26 yards (8-A.Cisco).,pass,Half2,20,4,3.0,,1.0,0.0,26.0,0.0,0.0,0,,,
(7:56) (Shotgun) 27-J.Dobbins left tackle to NYJ 26 for 8 yards (11-J.Johnson).,run,Half2,20,4,1.0,8.0,0.0,0.0,,0.0,0.0,0,,,
"(7:23) (No Huddle, Shotgun) 27-J.Dobbins right tackle to NYJ 20 for 6 yards (11-J.Johnson).",run,Half2,20,4,2.0,6.0,0.0,0.0,,0.0,0.0,0,,,
"(6:43) (No Huddle, Shotgun) 10-B.Nix pass short right to 13-P.Bryant to NYJ 9 for 11 yards (26-I.Oliver).",pass,Half2,20,4,1.0,,1.0,0.0,11.0,0.0,0.0,0,,,
(6:03) 63-A.Palczewski reported in as eligible. 10-B.Nix pass incomplete short left.,pass,Half2,20,4,1.0,,0.0,0.0,,0.0,0.0,0,,,
(5:59) (Shotgun) 27-J.Dobbins right tackle to NYJ 9 for no gain (44-J.Sherwood; 97-H.Phillips).,run,Half2,20,4,2.0,0.0,0.0,0.0,,0.0,0.0,0,,,
(5:14) (Shotgun) 10-B.Nix pass incomplete short left to 14-C.Sutton.,pass,Half2,20,4,3.0,,0.0,0.0,,1.0,0.0,0,,,
(3:30) 63-A.Palczewski reported in as eligible. 27-J.Dobbins right tackle to DEN 19 for 3 yards (44-J.Sherwood; 11-J.Johnson).,run,Half2,22,4,1.0,3.0,0.0,0.0,,0.0,0.0,0,,,
"(3:25) (Shotgun) 19-M.Mims up the middle to DEN 17 for -2 yards (21-B.Stephens, 95-Q.Williams). FUMBLES (95-Q.Williams), and recovers at DEN 17.",run,Half2,22,4,2.0,-2.0,0.0,0.0,,0.0,0.0,0,M.Mims,,
(3:19) (Shotgun) 10-B.Nix sacked at DEN 11 for -6 yards (11-J.Johnson).,pass,Half2,22,4,3.0,,0.0,0.0,,1.0,0.0,0,,,
