desc,play_type,qtr,ydstogo,ydsnet,yardline_100,half_seconds_remaining,quarter_seconds_remaining,game_half
(11:58) (Shotgun) 10-B.Nix pass short left to 85-L.Krull to DEN 41 for 6 yards (37-A.Hooker).,pass,1,10,44,65,1618,718,Half1
(11:21) (Shotgun) 10-B.Nix pass short left to 11-T.Franklin pushed ob at TEN 41 for 18 yards (38-L.Sneed).,pass,1,4,44,59,1581,681,Half1
(10:00) 10-B.Nix pass short left to 14-C.Sutton to TEN 26 for 12 yards (38-L.Sneed).,pass,1,7,44,38,1500,600,Half1
"(9:34) (No Huddle, Shotgun) 10-B.Nix pass short left to 82-A.Trautman to TEN 21 for 5 yards (38-L.Sneed).",pass,1,10,44,26,1474,574,Half1
(8:56) (Shotgun) 10-B.Nix pass incomplete short left to 14-C.Sutton (38-L.Sneed).,pass,1,5,44,21,1436,536,Half1
(8:53) (Shotgun) 10-B.Nix pass incomplete deep left to 28-T.Badie.,pass,1,15,44,21,1433,533,Half1
(8:47) (Shotgun) 10-B.Nix pass incomplete short right to 28-T.Badie.,pass,1,15,44,21,1427,527,Half1
(8:43) (Shotgun) 10-B.Nix pass incomplete short left to 28-T.Badie [98-J.Simmons].,pass,1,15,44,21,1423,523,Half1
(4:32) (Shotgun) 10-B.Nix pass incomplete short right.,pass,1,2,16,84,1172,272,Half1
(4:28) (Shotgun) 10-B.Nix pass short middle to 11-T.Franklin to DEN 22 for 6 yards (21-R.McCreary) [98-J.Simmons].,pass,1,2,16,84,1168,268,Half1
(3:53) 10-B.Nix pass short left to 12-R.Harvey to DEN 21 for -1 yards (29-J.Brownlee).,pass,1,10,16,78,1133,233,Half1
(3:11) (Shotgun) 10-B.Nix pass short middle to 1-E.Engram to DEN 26 for 5 yards (28-Q.Diggs).,pass,1,11,16,79,1091,191,Half1
(2:38) (Shotgun) 10-B.Nix pass short middle to 19-M.Mims to DEN 32 for 6 yards (33-C.Gray).,pass,1,6,16,74,1058,158,Half1
(:49) (Shotgun) 10-B.Nix pass deep left intended for 14-C.Sutton INTERCEPTED by 21-R.McCreary at TEN 46. 21-R.McCreary to TEN 46 for no gain (14-C.Sutton).,pass,1,18,16,76,949,49,Half1
(13:15) (Shotgun) 10-B.Nix pass short right to 11-T.Franklin to DEN 37 for 5 yards (39-D.Baker).,pass,2,10,7,68,795,795,Half1
(11:52) (Shotgun) 10-B.Nix pass incomplete short left to 28-T.Badie.,pass,2,3,7,61,712,712,Half1
(9:29) (Shotgun) 10-B.Nix pass short right to 1-E.Engram to DEN 42 for 6 yards (33-C.Gray).,pass,2,10,2,64,569,569,Half1
"(7:10) (Shotgun) 10-B.Nix sacked at DEN 40 for -8 yards (98-J.Simmons). FUMBLES (98-J.Simmons) [98-J.Simmons], RECOVERED by TEN-69-S.Joseph at DEN 38. 69-S.Joseph to DEN 38 for no gain (69-M.McGlinchey).",pass,2,9,2,52,430,430,Half1
(2:00) (Shotgun) 10-B.Nix pass short middle to 28-T.Badie to DEN 35 for 3 yards (21-R.McCreary).,pass,2,5,21,68,120,120,Half1
(1:30) (Shotgun) 10-B.Nix pass incomplete short left to 1-E.Engram (37-A.Hooker).,pass,2,15,21,65,90,90,Half1
(1:26) (Shotgun) 10-B.Nix pass short middle to 28-T.Badie to DEN 48 for 13 yards (21-R.McCreary; 28-Q.Diggs).,pass,2,15,21,65,86,86,Half1
"(:59) (No Huddle, Shotgun) 10-B.Nix pass incomplete short right to 85-L.Krull.",pass,2,2,21,52,59,59,Half1
"(:22) (Shotgun) 10-B.Nix pass deep left to 14-C.Sutton for 22 yards, TOUCHDOWN.",pass,2,10,38,22,22,22,Half1
(14:16) (Shotgun) 10-B.Nix pass short right intended for 11-T.Franklin INTERCEPTED by 25-X.Woods [98-J.Simmons] at DEN 42. 25-X.Woods ran ob at DEN 26 for 16 yards (77-Q.Meinerz; 60-L.Wattenberg).,pass,3,4,6,71,1756,856,Half2
(11:14) (Shotgun) 10-B.Nix pass incomplete short right.,pass,3,8,48,61,1574,674,Half2
"(11:12) (Shotgun) 10-B.Nix pass short right to 19-M.Mims to DEN 46 for 7 yards (29-J.Brownlee). PENALTY on TEN-29-J.Brownlee, Face Mask, 15 yards, enforced at DEN 46.",pass,3,8,48,61,1572,672,Half2
(10:35) (Shotgun) 10-B.Nix pass short left to 27-J.Dobbins to TEN 47 for 2 yards (21-R.McCreary).,pass,3,20,48,49,1535,635,Half2
(9:02) (Shotgun) 10-B.Nix pass short left to 14-C.Sutton pushed ob at TEN 28 for 8 yards (29-J.Brownlee).,pass,3,7,48,36,1442,542,Half2
(6:23) 10-B.Nix pass short right to 5-T.Sherfield to TEN 15 for 3 yards (39-D.Baker).,pass,3,10,48,18,1283,383,Half2
(5:46) (Shotgun) 10-B.Nix pass short middle to 14-C.Sutton to TEN 10 for 5 yards (50-C.Barton).,pass,3,7,48,15,1246,346,Half2
(2:27) 10-B.Nix pass incomplete short middle [7-F.Oladejo].,pass,3,10,16,69,1047,147,Half2
(1:42) (Shotgun) 10-B.Nix pass short right to 1-E.Engram to DEN 43 for 10 yards (7-F.Oladejo; 39-D.Baker).,pass,3,8,16,67,1002,102,Half2
(:21) (Shotgun) 10-B.Nix pass incomplete deep left to 14-C.Sutton (29-J.Brownlee).,pass,3,10,16,57,921,21,Half2
(:17) (Shotgun) 10-B.Nix pass short right to 46-A.Prentice to DEN 47 for 4 yards (39-D.Baker).,pass,3,10,16,57,917,17,Half2
(8:24) (Shotgun) 10-B.Nix pass short left to 14-C.Sutton to TEN 19 for 6 yards (28-Q.Diggs). ** Injury Update: TEN-39-D.Baker has returned to the game.,pass,4,5,80,25,504,504,Half2
(6:35) (Shotgun) 10-B.Nix pass incomplete short middle to 11-T.Franklin.,pass,4,10,9,63,395,395,Half2
"(5:48) (Shotgun) 10-B.Nix pass short left to 14-C.Sutton to DEN 47 for 9 yards (21-R.McCreary). Tennessee challenged the first down ruling, and the play was REVERSED. (Shotgun) 10-B.Nix pass short left to 14-C.Sutton to DEN 46 for 8 yards (21-R.McCreary).",pass,4,9,9,62,348,348,Half2
"(3:26) (Shotgun) 10-B.Nix pass short left to 11-T.Franklin to DEN 33 for 15 yards (33-C.Gray). PENALTY on TEN-37-A.Hooker, Face Mask, 15 yards, enforced at DEN 33.",pass,4,10,58,82,206,206,Half2
"(3:13) 10-B.Nix pass short right to 27-J.Dobbins to TEN 41 for 8 yards (50-C.Barton). PENALTY on DEN-5-T.Sherfield, Offensive Holding, 10 yards, enforced at TEN 46.",pass,4,7,58,49,193,193,Half2
"(2:58) (Shotgun) 10-B.Nix pass short right to 19-M.Mims to DEN 47 for -1 yards (50-C.Barton). PENALTY on TEN-98-J.Simmons, Unnecessary Roughness, 15 yards, enforced at DEN 47.",pass,4,10,58,52,178,178,Half2
(1:05) 63-A.Palczewski reported in as eligible. 10-B.Nix pass incomplete deep right to 19-M.Mims.,pass,4,8,58,36,65,65,Half2
(9:53) 10-B.Nix pass short middle to 82-A.Trautman to IND 35 for 1 yard (48-J.Bachie).,pass,1,10,64,36,1493,593,Half1
"(9:13) (No Huddle, Shotgun) 10-B.Nix pass short left to 13-P.Bryant to IND 23 for 12 yards (44-Z.Franklin).",pass,1,9,64,35,1453,553,Half1
"(8:30) (Shotgun) 10-B.Nix pass deep left to 19-M.Mims for 23 yards, TOUCHDOWN.",pass,1,10,64,23,1410,510,Half1
(2:56) (Shotgun) 10-B.Nix pass incomplete deep right to 14-C.Sutton.,pass,1,3,7,58,1076,176,Half1
(14:05) (Shotgun) 10-B.Nix pass short left to 11-T.Franklin to DEN 30 for -3 yards (23-K.Moore).,pass,2,10,67,67,845,845,Half1
"(13:39) (No Huddle, Shotgun) 10-B.Nix pass deep left to 11-T.Franklin ran ob at IND 28 for 42 yards.",pass,2,13,67,70,819,819,Half1
(12:29) 10-B.Nix pass short right to 82-A.Trautman to IND 18 for 7 yards (29-M.Blackmon).,pass,2,7,67,25,749,749,Half1
(11:50) (Shotgun) 10-B.Nix pass short left to 11-T.Franklin to IND 2 for 16 yards (0-C.Bynum).,pass,2,10,67,18,710,710,Half1
"(10:46) 10-B.Nix pass short right to 11-T.Franklin for 3 yards, TOUCHDOWN.",pass,2,3,67,3,646,646,Half1
"(7:04) (No Huddle, Shotgun) 10-B.Nix pass short middle to 5-T.Sherfield to IND 36 for 3 yards (48-J.Bachie).",pass,2,10,50,39,424,424,Half1
"(5:49) (Shotgun) 10-B.Nix pass short left to 13-P.Bryant to IND 29 for 6 yards (20-N.Cross; 4-X.Howard). Indianapolis challenged the first down ruling, and the play was Upheld. The ruling on the field stands. (Timeout #1.)",pass,2,6,50,35,349,349,Half1
(5:19) (Shotgun) 10-B.Nix pass short left to 11-T.Franklin to IND 26 for 3 yards (20-N.Cross; 4-X.Howard).,pass,2,10,50,29,319,319,Half1
(4:45) (Shotgun) 10-B.Nix pass incomplete short right to 27-J.Dobbins (44-Z.Franklin).,pass,2,7,50,26,285,285,Half1
(3:52) (Shotgun) 10-B.Nix pass incomplete short right to 14-C.Sutton.,pass,2,3,50,3,232,232,Half1
"(3:06) (Shotgun) 63-A.Palczewski reported in as eligible. 10-B.Nix pass short right to 82-A.Trautman for 2 yards, TOUCHDOWN.",pass,2,2,50,2,186,186,Half1
(1:25) (Shotgun) 10-B.Nix pass short middle to 11-T.Franklin to DEN 36 for 4 yards (20-N.Cross).,pass,2,10,4,68,85,85,Half1
"(1:00) (No Huddle, Shotgun) 10-B.Nix pass short left to 28-T.Badie to DEN 36 for no gain (44-Z.Franklin).",pass,2,6,4,64,60,60,Half1
"(:33) (No Huddle, Shotgun) 10-B.Nix pass incomplete deep middle to 11-T.Franklin.",pass,2,6,4,64,33,33,Half1
(14:18) (Shotgun) 10-B.Nix pass short right to 19-M.Mims to DEN 46 for 1 yard (20-N.Cross).,pass,3,5,60,55,1758,858,Half2
"(13:13) (No Huddle, Shotgun) 10-B.Nix pass short left to 14-C.Sutton to IND 30 for 6 yards (4-X.Howard).",pass,3,10,60,36,1693,793,Half2
(12:35) (Shotgun) 10-B.Nix pass short middle to 12-R.Harvey to IND 14 for 16 yards (0-C.Bynum; 44-Z.Franklin).,pass,3,4,60,30,1655,755,Half2
"(12:01) (No Huddle, Shotgun) 10-B.Nix pass short left to 11-T.Franklin to IND 5 for 9 yards (44-Z.Franklin).",pass,3,10,60,14,1621,721,Half2
(5:36) (Shotgun) 10-B.Nix pass incomplete short right to 12-R.Harvey.,pass,3,10,20,65,1236,336,Half2
(4:34) (Shotgun) 10-B.Nix pass short right to 28-T.Badie pushed ob at DEN 49 for 19 yards (29-M.Blackmon).,pass,3,15,20,70,1174,274,Half2
(2:54) (Shotgun) 10-B.Nix pass incomplete short right to 1-E.Engram (20-N.Cross).,pass,3,4,20,45,1074,174,Half2
(12:55) 10-B.Nix pass short left to 27-J.Dobbins pushed ob at IND 26 for 9 yards (48-J.Bachie).,pass,4,10,22,35,775,775,Half2
(11:33) (Shotgun) 10-B.Nix pass deep right intended for 14-C.Sutton INTERCEPTED by 0-C.Bynum at IND 9. 0-C.Bynum to IND 9 for no gain (14-C.Sutton).,pass,4,3,22,28,693,693,Half2
(5:39) (Shotgun) 10-B.Nix pass short left to 1-E.Engram to IND 43 for 12 yards (23-K.Moore; 44-Z.Franklin).,pass,4,11,41,55,339,339,Half2
(3:59) (Shotgun) 10-B.Nix pass incomplete short left to 13-P.Bryant (94-T.Lewis).,pass,4,24,41,39,239,239,Half2
(3:55) (Shotgun) 10-B.Nix pass short right to 11-T.Franklin to IND 24 for 15 yards (99-D.Buckner).,pass,4,24,41,39,235,235,Half2
(11:49) (Shotgun) 10-B.Nix pass short right to 12-R.Harvey to DEN 36 for 3 yards (48-B.Dupree).,pass,1,10,7,67,1609,709,Half1
"(10:26) (No Huddle, Shotgun) 10-B.Nix pass incomplete short middle to 85-L.Krull.",pass,1,3,7,60,1526,626,Half1
(5:47) (Shotgun) 10-B.Nix pass incomplete short right.,pass,1,20,-1,71,1247,347,Half1
(5:40) (Shotgun) 10-B.Nix pass short right to 12-R.Harvey to DEN 38 for 9 yards (3-D.James).,pass,1,20,-1,71,1240,340,Half1
(1:56) 10-B.Nix pass incomplete short left to 27-J.Dobbins.,pass,1,12,-2,48,1016,116,Half1
(1:52) (Shotgun) 10-B.Nix pass incomplete deep left to 14-C.Sutton (24-B.St-Juste).,pass,1,12,-2,48,1012,112,Half1
(10:23) 10-B.Nix pass short right to 14-C.Sutton to DEN 22 for 13 yards (29-T.Still).,pass,2,10,28,91,623,623,Half1
(8:19) (Shotgun) 10-B.Nix pass deep middle to 14-C.Sutton to DEN 46 for 19 yards (23-T.Jefferson).,pass,2,5,28,73,499,499,Half1
(7:38) (Shotgun) 10-B.Nix sacked at DEN 40 for -6 yards (3-D.James).,pass,2,10,28,54,458,458,Half1
(6:13) (Shotgun) 10-B.Nix pass incomplete deep right to 19-M.Mims [91-D.Hand].,pass,2,19,28,63,373,373,Half1
(1:46) (Shotgun) 10-B.Nix pass short left to 14-C.Sutton to DEN 36 for 8 yards (3-D.James).,pass,2,10,72,72,106,106,Half1
"(1:26) (No Huddle, Shotgun) 10-B.Nix pass incomplete short middle to 11-T.Franklin (91-D.Hand).",pass,2,2,72,64,86,86,Half1
(1:22) (Shotgun) 10-B.Nix pass short right to 14-C.Sutton to DEN 40 for 4 yards (26-D.Jackson).,pass,2,2,72,64,82,82,Half1
"(1:02) (No Huddle, Shotgun) 10-B.Nix pass incomplete short left to 19-M.Mims.",pass,2,10,72,60,62,62,Half1
(:58) (Shotgun) 10-B.Nix pass incomplete deep right [29-T.Still].,pass,2,10,72,60,58,58,Half1
"(:46) (Shotgun) 10-B.Nix pass deep left to 14-C.Sutton for 52 yards, TOUCHDOWN.",pass,2,2,72,52,46,46,Half1
"(12:47) (No Huddle, Shotgun) 10-B.Nix pass incomplete deep right to 19-M.Mims [92-J.Eboigbe].",pass,3,8,6,28,1667,767,Half2
(12:41) (Shotgun) 10-B.Nix pass short left to 19-M.Mims pushed ob at LAC 24 for 4 yards (50-C.Murphy).,pass,3,8,6,28,1661,761,Half2
(5:29) 10-B.Nix pass short left to 11-T.Franklin to DEN 35 for 1 yard (43-T.Dye; 3-D.James).,pass,3,10,1,66,1229,329,Half2
(4:30) (Shotgun) 10-B.Nix pass short middle to 12-R.Harvey to DEN 35 for 2 yards (29-T.Still).,pass,3,11,1,67,1170,270,Half2
(15:00) (Shotgun) 10-B.Nix pass short middle to 85-L.Krull to LAC 32 for 9 yards (23-T.Jefferson; 3-D.James). (Virtual Measurement).,pass,4,10,51,41,900,900,Half2
"(14:21) 10-B.Nix pass short middle to 14-C.Sutton to LAC 10 for 22 yards (32-A.Gilman). PENALTY on LAC-32-A.Gilman, Face Mask, 5 yards, enforced at LAC 10.",pass,4,1,51,32,861,861,Half2
(12:28) (Shotgun) 10-B.Nix pass incomplete short right to 11-T.Franklin (23-T.Jefferson).,pass,4,8,51,8,748,748,Half2
(6:42) (Shotgun) 10-B.Nix pass short left to 11-T.Franklin to DEN 17 for 7 yards (32-A.Gilman).,pass,4,20,9,90,402,402,Half2
(2:31) (Shotgun) 10-B.Nix sacked ob at DEN 22 for 0 yards (43-T.Dye).,pass,4,10,0,78,151,151,Half2
(2:25) (Shotgun) 10-B.Nix pass short right to 27-J.Dobbins to DEN 22 for no gain (23-T.Jefferson).,pass,4,10,0,78,145,145,Half2
(2:00) (Shotgun) 10-B.Nix pass incomplete deep left to 14-C.Sutton.,pass,4,10,0,78,120,120,Half2
(8:23) (Shotgun) 10-B.Nix pass short right to 19-M.Mims to DEN 38 for 5 yards (23-D.Hill).,pass,1,7,8,67,1403,503,Half1
(3:49) 10-B.Nix pass incomplete deep right to 11-T.Franklin.,pass,1,7,64,61,1129,229,Half1
(3:43) (Shotgun) 10-B.Nix pass short middle to 14-C.Sutton to CIN 49 for 12 yards (28-J.Newton).,pass,1,7,64,61,1123,223,Half1
(3:05) 10-B.Nix pass short right to 82-A.Trautman pushed ob at CIN 23 for 26 yards (44-D.Knight).,pass,1,10,64,49,1085,185,Half1
(:27) (Shotgun) 10-B.Nix pass incomplete short right to 13-P.Bryant.,pass,1,5,64,6,927,27,Half1
(11:52) (Shotgun) 10-B.Nix pass short left to 19-M.Mims pushed ob at DEN 31 for 11 yards (22-G.Stone; 20-D.Turner).,pass,2,10,80,80,712,712,Half1
"(11:20) (No Huddle, Shotgun) 10-B.Nix pass incomplete short right to 82-A.Trautman.",pass,2,10,80,69,680,680,Half1
(11:15) (Shotgun) 10-B.Nix pass short left to 82-A.Trautman pushed ob at DEN 37 for 6 yards (29-C.Taylor-Britt).,pass,2,10,80,69,675,675,Half1
"(10:39) (Shotgun) 10-B.Nix pass short left to 14-C.Sutton pushed ob at CIN 44 for 19 yards (22-G.Stone). Penalty on CIN-99-M.Murphy, Defensive Offside, declined.",pass,2,4,80,63,639,639,Half1
(10:08) (Shotgun) 10-B.Nix pass incomplete short left to 12-R.Harvey.,pass,2,10,80,44,608,608,Half1
(9:24) (Shotgun) 10-B.Nix pass short left to 14-C.Sutton to CIN 16 for 22 yards (44-D.Knight). CIN-44-D.Knight was injured during the play.,pass,2,4,80,38,564,564,Half1
"(8:11) (Shotgun) 10-B.Nix pass short right to 45-N.Adkins to DEN 28 for -2 yards (92-B.Hill). ** Injury Update: CIN-44-D.Knight has returned to the game. Penalty on DEN-60-L.Wattenberg, Ineligible Downfield Pass, declined.",pass,2,10,68,70,491,491,Half1
(5:03) (Shotgun) 10-B.Nix pass deep middle to 11-T.Franklin to CIN 24 for 23 yards (55-L.Wilson).,pass,2,17,68,47,303,303,Half1
"(4:06) (No Huddle, Shotgun) 10-B.Nix pass short left to 11-T.Franklin to CIN 11 for 6 yards (20-D.Turner, 22-G.Stone).",pass,2,3,68,17,246,246,Half1
(3:26) 10-B.Nix pass incomplete short left to 1-E.Engram.,pass,2,10,68,11,206,206,Half1
(3:20) (Shotgun) 10-B.Nix pass short right to 1-E.Engram pushed ob at CIN 2 for 9 yards (44-D.Knight; 27-J.Battle).,pass,2,10,68,11,200,200,Half1
"(2:04) 10-B.Nix pass short right intended for 11-T.Franklin INTERCEPTED by 44-D.Knight at CIN -5. Touchback. The Replay Official reviewed the interception ruling, and the play was Upheld. The ruling on the field stands.",pass,2,1,68,2,124,124,Half1
(1:09) (Shotgun) 10-B.Nix pass short middle to 1-E.Engram to DEN 22 for 2 yards (28-J.Newton).,pass,2,10,80,80,69,69,Half1
"(:49) (No Huddle, Shotgun) 10-B.Nix pass short right to 11-T.Franklin to DEN 33 for 11 yards (20-D.Turner). Penalty on CIN-44-D.Knight, Defensive Holding, declined.",pass,2,8,80,78,49,49,Half1
(:42) (Shotgun) 10-B.Nix pass incomplete short left to 1-E.Engram.,pass,2,10,80,67,42,42,Half1
(:38) (Shotgun) 10-B.Nix pass incomplete deep right to 11-T.Franklin.,pass,2,10,80,67,38,38,Half1
(:33) (Shotgun) 10-B.Nix pass deep left to 19-M.Mims to CIN 39 for 28 yards (22-G.Stone).,pass,2,10,80,67,33,33,Half1
(:26) (Shotgun) 10-B.Nix pass short right to 28-T.Badie pushed ob at CIN 28 for 11 yards (23-D.Hill) [96-C.Sample].,pass,2,10,80,39,26,26,Half1
(:21) (Shotgun) 10-B.Nix pass incomplete short middle to 28-T.Badie.,pass,2,10,80,28,21,21,Half1
"(:17) (Shotgun) 10-B.Nix pass short left to 14-C.Sutton to CIN 20 for 8 yards (44-D.Knight). Penalty on CIN-58-J.Ossai, Defensive Offside, declined.",pass,2,10,80,28,17,17,Half1
"(:13) (Shotgun) 10-B.Nix pass deep right to 14-C.Sutton for 20 yards, TOUCHDOWN.",pass,2,2,80,20,13,13,Half1
(14:54) (Shotgun) 10-B.Nix pass short left to 19-M.Mims to DEN 38 for 8 yards (23-D.Hill).,pass,3,10,14,70,1794,894,Half2
(13:36) (Shotgun) 10-B.Nix pass incomplete short right to 45-N.Adkins (23-D.Hill).,pass,3,10,14,57,1716,816,Half2
(12:52) (Shotgun) 10-B.Nix pass incomplete deep left to 1-E.Engram.,pass,3,9,14,56,1672,772,Half2
"(9:36) (Shotgun) 10-B.Nix pass incomplete short middle to 14-C.Sutton. Penalty on DEN-13-P.Bryant, Offensive Offside, declined.",pass,3,10,30,70,1476,576,Half2
(9:32) (Shotgun) 10-B.Nix pass short left to 12-R.Harvey to DEN 44 for 14 yards (91-T.Hendrickson; 23-D.Hill).,pass,3,10,30,70,1472,572,Half2
(8:18) (Shotgun) 10-B.Nix pass short right to 27-J.Dobbins to DEN 33 for 4 yards (23-D.Hill; 55-L.Wilson).,pass,3,25,30,71,1398,498,Half2
"(7:34) (Shotgun) 10-B.Nix pass short right to 1-E.Engram to DEN 40 for 7 yards (90-K.Jenkins; 27-J.Battle). Penalty on DEN-60-L.Wattenberg, Ineligible Downfield Pass, declined.",pass,3,21,30,67,1354,454,Half2
(7:07) (Shotgun) 10-B.Nix pass short left to 19-M.Mims to DEN 45 for 5 yards (22-G.Stone).,pass,3,14,30,60,1327,427,Half2
(2:13) 10-B.Nix pass short right to 45-N.Adkins to DEN 17 for 7 yards (23-D.Hill).,pass,3,7,37,90,1033,133,Half2
(1:32) (Shotgun) 10-B.Nix pass short left to 11-T.Franklin to DEN 32 for 15 yards (49-B.Carter).,pass,3,10,37,83,992,92,Half2
(:06) 10-B.Nix pass short left to 12-R.Harvey pushed ob at DEN 43 for 10 yards (28-J.Newton).,pass,3,9,37,67,906,6,Half2
(14:27) (Shotgun) 10-B.Nix pass incomplete deep middle to 11-T.Franklin.,pass,4,24,37,71,867,867,Half2
(14:21) (Shotgun) 10-B.Nix pass short left to 12-R.Harvey to DEN 33 for 4 yards (44-D.Knight).,pass,4,24,37,71,861,861,Half2
(13:37) (Shotgun) 10-B.Nix pass short middle to 1-E.Engram to DEN 44 for 11 yards (27-J.Battle).,pass,4,20,37,67,817,817,Half2
(9:09) (Shotgun) 10-B.Nix pass short right to 19-M.Mims to CIN 44 for 12 yards (28-J.Newton; 55-L.Wilson).,pass,4,1,76,56,549,549,Half2
"(5:02) (Shotgun) 10-B.Nix pass short left to 12-R.Harvey for 12 yards, TOUCHDOWN.",pass,4,5,76,12,302,302,Half2
(13:35) (Shotgun) 10-B.Nix pass incomplete deep right to 14-C.Sutton.,pass,1,4,6,63,1715,815,Half1
(10:51) (Shotgun) 10-B.Nix pass short right to 19-M.Mims to DEN 46 for 4 yards (27-Q.Mitchell).,pass,1,10,32,58,1551,651,Half1
(10:15) 10-B.Nix pass incomplete short right to 45-N.Adkins.,pass,1,6,32,54,1515,615,Half1
"(10:10) (No Huddle, Shotgun) 10-B.Nix pass short right to 14-C.Sutton to PHI 47 for 7 yards (27-Q.Mitchell; 30-J.Campbell).",pass,1,6,32,54,1510,610,Half1
"(8:30) (No Huddle, Shotgun) 10-B.Nix pass short left to 14-C.Sutton to PHI 39 for 4 yards (30-J.Campbell; 27-Q.Mitchell).",pass,1,6,32,43,1410,510,Half1
"(7:01) (Shotgun) 10-B.Nix sacked at PHI 46 for -9 yards (33-C.DeJean). FUMBLES (33-C.DeJean), RECOVERED by PHI-58-J.Hunt at PHI 39. The Replay Official reviewed the fumble ruling, and the play was REVERSED. (Shotgun) 10-B.Nix pass incomplete short left to 11-T.Franklin (33-C.DeJean).",pass,1,13,32,37,1321,421,Half1
(6:57) (Shotgun) 10-B.Nix pass incomplete deep middle to 1-E.Engram [98-J.Carter].,pass,1,13,32,37,1317,417,Half1
(:20) 10-B.Nix pass deep right to 11-T.Franklin pushed ob at DEN 49 for 20 yards (7-K.Ringo) [52-Z.Smith].,pass,1,10,24,71,920,20,Half1
(15:00) (Shotgun) 10-B.Nix pass short left to 27-J.Dobbins pushed ob at PHI 46 for 5 yards (53-Z.Baun).,pass,2,10,24,51,900,900,Half1
(12:44) (Shotgun) 10-B.Nix pass incomplete deep left to 5-T.Sherfield [0-J.Uche].,pass,2,8,24,34,764,764,Half1
"(12:38) (No Huddle, Shotgun) 10-B.Nix sacked at PHI 47 for -13 yards (52-Z.Smith).",pass,2,8,24,34,758,758,Half1
(7:15) (Shotgun) 10-B.Nix pass short left to 5-T.Sherfield to DEN 34 for 15 yards (7-K.Ringo).,pass,2,10,17,81,435,435,Half1
(6:39) (Shotgun) 10-B.Nix pass short right to 12-R.Harvey to DEN 40 for 6 yards (7-K.Ringo).,pass,2,10,17,66,399,399,Half1
"(5:03) (No Huddle, Shotgun) 10-B.Nix pass incomplete short middle to 1-E.Engram [13-A.Ojulari].",pass,2,8,17,64,303,303,Half1
(2:18) (Shotgun) 10-B.Nix pass incomplete short left.,pass,2,10,21,80,138,138,Half1
(2:12) (Shotgun) 10-B.Nix pass short right to 28-T.Badie to DEN 36 for 16 yards (32-R.Blankenship).,pass,2,10,21,80,132,132,Half1
(2:00) (Shotgun) 10-B.Nix pass short right to 11-T.Franklin to DEN 41 for 5 yards (30-J.Campbell; 52-Z.Smith).,pass,2,10,21,64,120,120,Half1
"(1:36) (No Huddle, Shotgun) 10-B.Nix pass incomplete short middle to 28-T.Badie.",pass,2,5,21,59,96,96,Half1
(1:32) (Shotgun) 10-B.Nix pass incomplete deep left to 11-T.Franklin.,pass,2,5,21,59,92,92,Half1
(:52) (Shotgun) 10-B.Nix pass short right to 1-E.Engram to DEN 41 for -3 yards (33-C.DeJean).,pass,2,10,-3,56,52,52,Half1
"(:28) (No Huddle, Shotgun) 10-B.Nix pass incomplete short left to 14-C.Sutton (27-Q.Mitchell).",pass,2,13,-3,59,28,28,Half1
(:21) (Shotgun) 10-B.Nix pass incomplete deep right to 19-M.Mims.,pass,2,13,-3,59,21,21,Half1
(12:35) (Shotgun) 10-B.Nix pass short right to 12-R.Harvey pushed ob at DEN 27 for 11 yards (30-J.Campbell).,pass,3,12,40,84,1655,755,Half2
"(8:21) (Shotgun) 10-B.Nix pass incomplete short right [53-Z.Baun]. PENALTY on DEN-10-B.Nix, Intentional Grounding, 13 yards, enforced at PHI 35.",pass,3,8,40,35,1401,501,Half2
(8:16) (Shotgun) 10-B.Nix pass short right to 19-M.Mims to PHI 42 for 6 yards (53-Z.Baun).,pass,3,21,40,48,1396,496,Half2
(3:56) (Shotgun) 10-B.Nix pass incomplete short right to 19-M.Mims.,pass,3,2,8,72,1136,236,Half2
(2:38) (Shotgun) 10-B.Nix pass short right to 1-E.Engram pushed ob at DEN 43 for 7 yards (30-J.Campbell).,pass,3,10,64,64,1058,158,Half2
(1:29) (Shotgun) 10-B.Nix pass incomplete deep right to 19-M.Mims.,pass,3,10,64,52,989,89,Half2
"(:44) (No Huddle, Shotgun) 10-B.Nix pass short right to 14-C.Sutton to PHI 38 for 6 yards (27-Q.Mitchell).",pass,3,2,64,44,944,44,Half2
(:07) (Shotgun) 10-B.Nix pass short left to 14-C.Sutton to PHI 32 for 6 yards (33-C.DeJean).,pass,3,10,64,38,907,7,Half2
(14:23) (Shotgun) 10-B.Nix pass short left to 11-T.Franklin ran ob at PHI 9 for 10 yards (24-A.Mukuba).,pass,4,10,64,19,863,863,Half2
(11:08) (Shotgun) 10-B.Nix pass deep left to 1-E.Engram to DEN 46 for 18 yards (7-K.Ringo). ** Injury Update: DEN-69-M.McGlinchey has returned to the game.,pass,4,10,72,72,668,668,Half2
"(10:36) (No Huddle, Shotgun) 10-B.Nix pass short left to 14-C.Sutton to PHI 40 for 14 yards (27-Q.Mitchell).",pass,4,10,72,54,636,636,Half2
(8:17) (Shotgun) 10-B.Nix pass short right to 14-C.Sutton to PHI 11 for 34 yards (53-Z.Baun).,pass,4,15,72,45,497,497,Half2
"(7:43) (No Huddle) 10-B.Nix pass short middle to 1-E.Engram for 11 yards, TOUCHDOWN.",pass,4,10,72,11,463,463,Half2
TWO-POINT CONVERSION ATTEMPT. 10-B.Nix pass to 11-T.Franklin is complete. ATTEMPT SUCCEEDS.,pass,4,0,72,2,456,456,Half2
(5:00) 10-B.Nix pass short left to 82-A.Trautman to DEN 43 for 11 yards (53-Z.Baun; 33-C.DeJean).,pass,4,10,50,68,300,300,Half2
(3:34) 10-B.Nix pass incomplete short right [58-J.Hunt].,pass,4,6,50,53,214,214,Half2
(3:28) (Shotgun) 10-B.Nix pass short right to 14-C.Sutton to PHI 37 for 16 yards (27-Q.Mitchell).,pass,4,6,50,53,208,208,Half2
(2:34) (Shotgun) 10-B.Nix pass short middle to 14-C.Sutton to PHI 29 for 12 yards (53-Z.Baun).,pass,4,14,50,41,154,154,Half2
"(2:27) 10-B.Nix pass short right to 12-R.Harvey to PHI 28 for 1 yard (24-A.Mukuba). PENALTY on PHI-53-Z.Baun, Unnecessary Roughness, 14 yards, enforced at PHI 28.",pass,4,2,50,29,147,147,Half2
(2:00) (Shotgun) 63-A.Palczewski reported in as eligible. 10-B.Nix sacked at PHI 13 for -1 yards (53-Z.Baun).,pass,4,8,50,12,120,120,Half2
"(13:38) (Shotgun) 10-B.Nix pass short right to 11-T.Franklin to DEN 32 for 7 yards (29-J.Brownlee) [44-J.Sherwood]. FUMBLES (29-J.Brownlee), RECOVERED by NYJ-8-A.Cisco at DEN 37.",pass,1,7,10,75,1718,818,Half1
(10:54) (Shotgun) 10-B.Nix pass short left to 45-N.Adkins to DEN 45 for 7 yards (44-J.Sherwood).,pass,1,10,23,62,1554,654,Half1
(10:19) 10-B.Nix pass incomplete short right [9-W.McDonald].,pass,1,3,23,55,1519,619,Half1
(10:13) (Shotgun) 10-B.Nix pass short left to 13-P.Bryant to NYJ 44 for 11 yards (8-A.Cisco).,pass,1,3,23,55,1513,613,Half1
"(9:18) (Shotgun) 10-B.Nix pass short right to 1-E.Engram to 50 for -1 yards (29-J.Brownlee, 51-F.Mauigoa).",pass,1,15,23,49,1458,558,Half1
(8:01) (Shotgun) 10-B.Nix pass short right to 12-R.Harvey to NYJ 39 for 9 yards (95-Q.Williams; 26-I.Oliver).,pass,1,14,23,48,1381,481,Half1
(4:50) (Shotgun) 10-B.Nix pass short right to 14-C.Sutton to DEN 48 for 17 yards (1-A.Gardner).,pass,1,10,69,69,1190,290,Half1
(3:06) (Shotgun) 10-B.Nix pass short right to 12-R.Harvey to DEN 42 for 4 yards (44-J.Sherwood; 51-F.Mauigoa).,pass,1,20,69,62,1086,186,Half1
(1:42) (Shotgun) 10-B.Nix pass short right to 1-E.Engram pushed ob at NYJ 36 for 11 yards (44-J.Sherwood).,pass,1,5,69,47,1002,102,Half1
(1:06) 63-A.Palczewski reported in as eligible. 10-B.Nix pass incomplete short right to 14-C.Sutton (1-A.Gardner).,pass,1,10,69,36,966,66,Half1
(1:03) (Shotgun) 10-B.Nix pass short left to 19-M.Mims pushed ob at NYJ 32 for 4 yards (1-A.Gardner).,pass,1,10,69,36,963,63,Half1
"(:36) (No Huddle, Shotgun) 10-B.Nix pass short left to 1-E.Engram to NYJ 16 for 16 yards (44-J.Sherwood).",pass,1,6,69,32,936,36,Half1
"(:02) (No Huddle, Shotgun) 10-B.Nix pass short right to 45-N.Adkins for 16 yards, TOUCHDOWN.",pass,1,10,69,16,902,2,Half1
(13:24) 10-B.Nix pass incomplete deep middle to 19-M.Mims.,pass,2,10,30,79,804,804,Half1
"(12:41) (No Huddle, Shotgun) 10-B.Nix pass short left to 1-E.Engram to DEN 32 for 4 yards (8-A.Cisco).",pass,2,3,30,72,761,761,Half1
(11:23) (Shotgun) 10-B.Nix pass short left to 11-T.Franklin to DEN 40 for 7 yards (9-W.McDonald). NYJ-78-J.Tufele was injured during the play.,pass,2,9,30,67,683,683,Half1
(9:36) (Shotgun) 63-A.Palczewski reported in as eligible. 10-B.Nix pass incomplete short middle to 11-T.Franklin.,pass,2,5,30,49,576,576,Half1
(9:32) (Shotgun) 10-B.Nix pass incomplete short right to 27-J.Dobbins.,pass,2,5,30,49,572,572,Half1
(7:45) 10-B.Nix pass short right to 11-T.Franklin pushed ob at DEN 46 for 5 yards (29-J.Brownlee).,pass,2,10,14,59,465,465,Half1
(4:17) (Shotgun) 10-B.Nix pass short right to 12-R.Harvey to NYJ 45 for 8 yards (27-M.Moore; 26-I.Oliver).,pass,2,15,14,53,257,257,Half1
"(9:04) 10-B.Nix pass incomplete short right to 38-J.McLaughlin. Penalty on DEN-77-Q.Meinerz, Ineligible Downfield Pass, declined.",pass,3,4,6,71,1444,544,Half2
(2:41) (Shotgun) 10-B.Nix pass incomplete short middle.,pass,3,10,3,82,1061,161,Half2
"(13:46) (No Huddle, Shotgun) 10-B.Nix pass incomplete short middle to 1-E.Engram (44-J.Sherwood).",pass,4,6,4,71,826,826,Half2
(10:16) (Shotgun) 10-B.Nix pass incomplete short right.,pass,4,10,65,74,616,616,Half2
(10:09) (Shotgun) 63-A.Palczewski reported in as eligible. 10-B.Nix pass short left to 1-E.Engram to DEN 38 for 12 yards (8-A.Cisco).,pass,4,10,65,74,609,609,Half2
(8:55) (Shotgun) 10-B.Nix pass short right to 12-R.Harvey to DEN 40 for no gain (21-B.Stephens; 44-J.Sherwood).,pass,4,8,65,60,535,535,Half2
(8:15) (Shotgun) 10-B.Nix pass short left to 19-M.Mims pushed ob at NYJ 34 for 26 yards (8-A.Cisco).,pass,4,8,65,60,495,495,Half2
"(6:43) (No Huddle, Shotgun) 10-B.Nix pass short right to 13-P.Bryant to NYJ 9 for 11 yards (26-I.Oliver).",pass,4,10,65,20,403,403,Half2
(6:03) 63-A.Palczewski reported in as eligible. 10-B.Nix pass incomplete short left.,pass,4,9,65,9,363,363,Half2
(5:14) (Shotgun) 10-B.Nix pass incomplete short left to 14-C.Sutton.,pass,4,9,65,9,314,314,Half2
(3:19) (Shotgun) 10-B.Nix sacked at DEN 11 for -6 yards (11-J.Johnson).,pass,4,9,-5,83,199,199,Half2
